dataset	model	crossvalidation	run_id	n_cells	n_populations	min_support	median_support	max_support	imbalance_ratio	support_entropy
dataset_name-FR-FCM-Z238_infection_final_seed-42	cyanno	num-1	run0	2828901	25	461	40753	682164	1479.7483731019522	3.653975791677439
dataset_name-FR-FCM-Z238_infection_final_seed-42	cyanno	num-2	run0	2768169	25	406	40576	660160	1626.0098522167489	3.662433356838014
dataset_name-FR-FCM-Z238_infection_final_seed-42	cyanno	num-3	run0	2830864	25	461	40513	679484	1473.9349240780912	3.6565344975983454
dataset_name-FR-FCM-Z238_infection_final_seed-42	cyanno	num-4	run0	2817387	25	461	38392	678706	1472.2472885032537	3.6520901388263853
dataset_name-FR-FCM-Z238_infection_final_seed-42	cyanno	num-5	run0	2800058	25	461	38985	672490	1458.7635574837311	3.6619769346672904
dataset_name-FR-FCM-Z238_infection_final_seed-42	cygate	num-1	run0	2732233	25	449	40640	682009	1518.9510022271716	3.6740369594143982
dataset_name-FR-FCM-Z238_infection_final_seed-42	cygate	num-2	run0	2703551	25	401	40113	659414	1644.4239401496259	3.6650863649962355
dataset_name-FR-FCM-Z238_infection_final_seed-42	cygate	num-3	run0	2766411	25	454	40472	679471	1496.6321585903083	3.6498991123932747
dataset_name-FR-FCM-Z238_infection_final_seed-42	cygate	num-4	run0	2717047	25	177	38219	675102	3814.135593220339	3.6480104668374063
dataset_name-FR-FCM-Z238_infection_final_seed-42	cygate	num-5	run0	2661403	25	183	38914	666814	3643.792349726776	3.6630086412131413
dataset_name-FR-FCM-Z238_infection_final_seed-42	dgcytof	num-1	run0	2828901	25	461	40753	682164	1479.7483731019522	3.653975791677439
dataset_name-FR-FCM-Z238_infection_final_seed-42	dgcytof	num-2	run0	2768169	25	406	40576	660160	1626.0098522167489	3.662433356838014
dataset_name-FR-FCM-Z238_infection_final_seed-42	dgcytof	num-3	run0	2830864	25	461	40513	679484	1473.9349240780912	3.6565344975983454
dataset_name-FR-FCM-Z238_infection_final_seed-42	dgcytof	num-4	run0	2817387	25	461	38392	678706	1472.2472885032537	3.6520901388263853
dataset_name-FR-FCM-Z238_infection_final_seed-42	dgcytof	num-5	run0	2800058	25	461	38985	672490	1458.7635574837311	3.6619769346672904
dataset_name-FR-FCM-Z238_infection_final_seed-42	lda	num-1	run0	2383256	25	393	36807	655296	1667.4198473282443	3.5642332198697897
dataset_name-FR-FCM-Z238_infection_final_seed-42	lda	num-2	run0	2354472	25	341	36516	605268	1774.9794721407625	3.605576987037179
dataset_name-FR-FCM-Z238_infection_final_seed-42	lda	num-3	run0	2533024	25	382	37173	645036	1688.5759162303666	3.6161898168216626
dataset_name-FR-FCM-Z238_infection_final_seed-42	lda	num-4	run0	2351465	25	432	33321	602353	1394.335648148148	3.612053317413672
dataset_name-FR-FCM-Z238_infection_final_seed-42	lda	num-5	run0	2296980	25	294	34514	637271	2167.58843537415	3.5815452377899417
dataset_name-FR-FCM-Z238_infection_final_seed-42	random	num-1	run0	2828901	25	461	40753	682164	1479.7483731019522	3.653975791677439
dataset_name-FR-FCM-Z238_infection_final_seed-42	random	num-2	run0	2768169	25	406	40576	660160	1626.0098522167489	3.662433356838014
dataset_name-FR-FCM-Z238_infection_final_seed-42	random	num-3	run0	2830864	25	461	40513	679484	1473.9349240780912	3.6565344975983454
dataset_name-FR-FCM-Z238_infection_final_seed-42	random	num-4	run0	2817387	25	461	38392	678706	1472.2472885032537	3.6520901388263853
dataset_name-FR-FCM-Z238_infection_final_seed-42	random	num-5	run0	2800058	25	461	38985	672490	1458.7635574837311	3.6619769346672904
dataset_name-FR-FCM-Z2KP_healthy_final_seed-42	cyanno	num-1	run0	1536957	6	84697	194807	686400	8.104183146982773	2.2460796721180447
dataset_name-FR-FCM-Z2KP_healthy_final_seed-42	cyanno	num-2	run0	1356644	6	71844	174481	605424	8.426925004175715	2.2359595996398873
dataset_name-FR-FCM-Z2KP_healthy_final_seed-42	cyanno	num-3	run0	1408466	6	73604	168336	661241	8.983764469322319	2.198421956110957
dataset_name-FR-FCM-Z2KP_healthy_final_seed-42	cyanno	num-4	run0	1421911	6	65416	175073	669963	10.241576984224043	2.1875899972651505
dataset_name-FR-FCM-Z2KP_healthy_final_seed-42	cyanno	num-5	run0	1404771	6	66853	188221	594739	8.896220064918552	2.275396544632311
dataset_name-FR-FCM-Z2KP_healthy_final_seed-42	cygate	num-1	run0	1515011	6	76220	194103.5	674339	8.847271057465232	2.2428232962853136
dataset_name-FR-FCM-Z2KP_healthy_final_seed-42	cygate	num-2	run0	1250408	6	49698	155767	575285	11.575616725019115	2.1937637465651396
dataset_name-FR-FCM-Z2KP_healthy_final_seed-42	cygate	num-3	run0	1308093	6	55610	155843.5	634665	11.412785470239166	2.1533323577531553
dataset_name-FR-FCM-Z2KP_healthy_final_seed-42	cygate	num-4	run0	1392140	6	62997	175016.5	667931	10.602584250043654	2.165146391775187
dataset_name-FR-FCM-Z2KP_healthy_final_seed-42	cygate	num-5	run0	1388241	6	59969	188021.5	585512	9.763577848555087	2.271241028531483
dataset_name-FR-FCM-Z2KP_healthy_final_seed-42	dgcytof	num-1	run0	1536957	6	84697	194807	686400	8.104183146982773	2.2460796721180447
dataset_name-FR-FCM-Z2KP_healthy_final_seed-42	dgcytof	num-2	run0	1356644	6	71844	174481	605424	8.426925004175715	2.2359595996398873
dataset_name-FR-FCM-Z2KP_healthy_final_seed-42	dgcytof	num-3	run0	1408466	6	73604	168336	661241	8.983764469322319	2.198421956110957
dataset_name-FR-FCM-Z2KP_healthy_final_seed-42	dgcytof	num-4	run0	1421911	6	65416	175073	669963	10.241576984224043	2.1875899972651505
dataset_name-FR-FCM-Z2KP_healthy_final_seed-42	dgcytof	num-5	run0	1404771	6	66853	188221	594739	8.896220064918552	2.275396544632311
dataset_name-FR-FCM-Z2KP_healthy_final_seed-42	lda	num-1	run0	1474730	6	64973	184166.5	672507	10.350561002262479	2.214219955670843
dataset_name-FR-FCM-Z2KP_healthy_final_seed-42	lda	num-2	run0	1277454	6	55891	158499.5	600822	10.749888175198153	2.181380113987064
dataset_name-FR-FCM-Z2KP_healthy_final_seed-42	lda	num-3	run0	1336985	6	54057	154468	655604	12.128013023290231	2.141076248452242
dataset_name-FR-FCM-Z2KP_healthy_final_seed-42	lda	num-4	run0	1366285	6	52602	164316.5	663587	12.615242766434736	2.1472249238067023
dataset_name-FR-FCM-Z2KP_healthy_final_seed-42	lda	num-5	run0	1306981	6	41320	171378.5	582879	14.106461761858665	2.2037812478205434
dataset_name-FR-FCM-Z2KP_healthy_final_seed-42	random	num-1	run0	1536957	6	84697	194807	686400	8.104183146982773	2.2460796721180447
dataset_name-FR-FCM-Z2KP_healthy_final_seed-42	random	num-2	run0	1356644	6	71844	174481	605424	8.426925004175715	2.2359595996398873
dataset_name-FR-FCM-Z2KP_healthy_final_seed-42	random	num-3	run0	1408466	6	73604	168336	661241	8.983764469322319	2.198421956110957
dataset_name-FR-FCM-Z2KP_healthy_final_seed-42	random	num-4	run0	1421911	6	65416	175073	669963	10.241576984224043	2.1875899972651505
dataset_name-FR-FCM-Z2KP_healthy_final_seed-42	random	num-5	run0	1404771	6	66853	188221	594739	8.896220064918552	2.275396544632311
dataset_name-FR-FCM-Z2KP_healthy_final_seed-420_sub-sampling-1000	cyanno	num-1	run0	1536957	6	84697	194807	686400	8.104183146982773	2.2460796721180447
dataset_name-FR-FCM-Z2KP_healthy_final_seed-420_sub-sampling-1000	cyanno	num-2	run0	1471041	6	82881	197436	607573	7.330666859714531	2.305417869993076
dataset_name-FR-FCM-Z2KP_healthy_final_seed-420_sub-sampling-1000	cyanno	num-3	run0	1356644	6	71844	174481	605424	8.426925004175715	2.2359595996398873
dataset_name-FR-FCM-Z2KP_healthy_final_seed-420_sub-sampling-1000	cyanno	num-4	run0	1421911	6	65416	175073	669963	10.241576984224043	2.1875899972651505
dataset_name-FR-FCM-Z2KP_healthy_final_seed-420_sub-sampling-1000	cyanno	num-5	run0	1408466	6	73604	168336	661241	8.983764469322319	2.198421956110957
dataset_name-FR-FCM-Z2KP_healthy_final_seed-420_sub-sampling-1000	cygate	num-1	run0	1512289	6	76261	194388.5	671010	8.798861803543096	2.245499143054231
dataset_name-FR-FCM-Z2KP_healthy_final_seed-420_sub-sampling-1000	cygate	num-2	run0	1447962	6	73400	196151	596545	8.127316076294278	2.2996469169242006
dataset_name-FR-FCM-Z2KP_healthy_final_seed-420_sub-sampling-1000	cygate	num-3	run0	1258469	6	48809	159656.5	575326	11.787293327050339	2.1980223334338604
dataset_name-FR-FCM-Z2KP_healthy_final_seed-420_sub-sampling-1000	cygate	num-4	run0	1319896	6	43376	169660	654791	15.095698081888601	2.105226846226086
dataset_name-FR-FCM-Z2KP_healthy_final_seed-420_sub-sampling-1000	cygate	num-5	run0	1310508	6	56587	155862	643066	11.36420025800979	2.141578539017897
dataset_name-FR-FCM-Z2KP_healthy_final_seed-420_sub-sampling-1000	dgcytof	num-1	run0	1536957	6	84697	194807	686400	8.104183146982773	2.2460796721180447
dataset_name-FR-FCM-Z2KP_healthy_final_seed-420_sub-sampling-1000	dgcytof	num-2	run0	1471041	6	82881	197436	607573	7.330666859714531	2.305417869993076
dataset_name-FR-FCM-Z2KP_healthy_final_seed-420_sub-sampling-1000	dgcytof	num-3	run0	1356644	6	71844	174481	605424	8.426925004175715	2.2359595996398873
dataset_name-FR-FCM-Z2KP_healthy_final_seed-420_sub-sampling-1000	dgcytof	num-4	run0	1421911	6	65416	175073	669963	10.241576984224043	2.1875899972651505
dataset_name-FR-FCM-Z2KP_healthy_final_seed-420_sub-sampling-1000	dgcytof	num-5	run0	1408466	6	73604	168336	661241	8.983764469322319	2.198421956110957
dataset_name-FR-FCM-Z2KP_healthy_final_seed-420_sub-sampling-1000	lda	num-1	run0	1394134	6	51607	176511	650973	12.614044606351852	2.178382507467535
dataset_name-FR-FCM-Z2KP_healthy_final_seed-420_sub-sampling-1000	lda	num-2	run0	1381663	6	61977	181572	602408	9.719863820449522	2.247243373223147
dataset_name-FR-FCM-Z2KP_healthy_final_seed-420_sub-sampling-1000	lda	num-3	run0	1295398	6	61062	166339.5	600658	9.836854344764339	2.198816803547514
dataset_name-FR-FCM-Z2KP_healthy_final_seed-420_sub-sampling-1000	lda	num-4	run0	1364702	6	52665	163900.5	663595	12.600303807082502	2.1460983900832984
dataset_name-FR-FCM-Z2KP_healthy_final_seed-420_sub-sampling-1000	lda	num-5	run0	1348638	6	59318	159595.5	656042	11.05974577699855	2.154352666386083
dataset_name-FR-FCM-Z2KP_healthy_final_seed-420_sub-sampling-1000	random	num-1	run0	1536957	6	84697	194807	686400	8.104183146982773	2.2460796721180447
dataset_name-FR-FCM-Z2KP_healthy_final_seed-420_sub-sampling-1000	random	num-2	run0	1471041	6	82881	197436	607573	7.330666859714531	2.305417869993076
dataset_name-FR-FCM-Z2KP_healthy_final_seed-420_sub-sampling-1000	random	num-3	run0	1356644	6	71844	174481	605424	8.426925004175715	2.2359595996398873
dataset_name-FR-FCM-Z2KP_healthy_final_seed-420_sub-sampling-1000	random	num-4	run0	1421911	6	65416	175073	669963	10.241576984224043	2.1875899972651505
dataset_name-FR-FCM-Z2KP_healthy_final_seed-420_sub-sampling-1000	random	num-5	run0	1408466	6	73604	168336	661241	8.983764469322319	2.198421956110957
dataset_name-FR-FCM-Z2KP_healthy_final_seed-420_sub-sampling-10000	cyanno	num-1	run0	1536957	6	84697	194807	686400	8.104183146982773	2.2460796721180447
dataset_name-FR-FCM-Z2KP_healthy_final_seed-420_sub-sampling-10000	cyanno	num-2	run0	1471041	6	82881	197436	607573	7.330666859714531	2.305417869993076
dataset_name-FR-FCM-Z2KP_healthy_final_seed-420_sub-sampling-10000	cyanno	num-3	run0	1356644	6	71844	174481	605424	8.426925004175715	2.2359595996398873
dataset_name-FR-FCM-Z2KP_healthy_final_seed-420_sub-sampling-10000	cyanno	num-4	run0	1421911	6	65416	175073	669963	10.241576984224043	2.1875899972651505
dataset_name-FR-FCM-Z2KP_healthy_final_seed-420_sub-sampling-10000	cyanno	num-5	run0	1408466	6	73604	168336	661241	8.983764469322319	2.198421956110957
dataset_name-FR-FCM-Z2KP_healthy_final_seed-420_sub-sampling-10000	cygate	num-1	run0	1514020	6	76418	194292	672772	8.803842026747624	2.2443758015191424
dataset_name-FR-FCM-Z2KP_healthy_final_seed-420_sub-sampling-10000	cygate	num-2	run0	1351843	6	61800	179259.5	548444	8.874498381877023	2.301427473148534
dataset_name-FR-FCM-Z2KP_healthy_final_seed-420_sub-sampling-10000	cygate	num-3	run0	1243004	6	49398	154704.5	573927	11.618425847200292	2.191064562927182
dataset_name-FR-FCM-Z2KP_healthy_final_seed-420_sub-sampling-10000	cygate	num-4	run0	1398810	6	62269	175033	666752	10.70760731664231	2.1722448572971356
dataset_name-FR-FCM-Z2KP_healthy_final_seed-420_sub-sampling-10000	cygate	num-5	run0	1307956	6	52720	155921.5	643089	12.198198027314112	2.1355918419442794
dataset_name-FR-FCM-Z2KP_healthy_final_seed-420_sub-sampling-10000	dgcytof	num-1	run0	1536957	6	84697	194807	686400	8.104183146982773	2.2460796721180447
dataset_name-FR-FCM-Z2KP_healthy_final_seed-420_sub-sampling-10000	dgcytof	num-2	run0	1471041	6	82881	197436	607573	7.330666859714531	2.305417869993076
dataset_name-FR-FCM-Z2KP_healthy_final_seed-420_sub-sampling-10000	dgcytof	num-3	run0	1356644	6	71844	174481	605424	8.426925004175715	2.2359595996398873
dataset_name-FR-FCM-Z2KP_healthy_final_seed-420_sub-sampling-10000	dgcytof	num-4	run0	1421911	6	65416	175073	669963	10.241576984224043	2.1875899972651505
dataset_name-FR-FCM-Z2KP_healthy_final_seed-420_sub-sampling-10000	dgcytof	num-5	run0	1408466	6	73604	168336	661241	8.983764469322319	2.198421956110957
dataset_name-FR-FCM-Z2KP_healthy_final_seed-420_sub-sampling-10000	lda	num-1	run0	1487478	6	70510	187895.5	672648	9.539753226492696	2.226183652861017
dataset_name-FR-FCM-Z2KP_healthy_final_seed-420_sub-sampling-10000	lda	num-2	run0	1378493	6	58027	180723.5	599001	10.322798007823945	2.2460936808572454
dataset_name-FR-FCM-Z2KP_healthy_final_seed-420_sub-sampling-10000	lda	num-3	run0	1286106	6	58202	161436	601021	10.32646644445208	2.1894293952988613
dataset_name-FR-FCM-Z2KP_healthy_final_seed-420_sub-sampling-10000	lda	num-4	run0	1368039	6	53561	164743	663924	12.395661022012286	2.1490576091624747
dataset_name-FR-FCM-Z2KP_healthy_final_seed-420_sub-sampling-10000	lda	num-5	run0	1343879	6	55972	156414.5	655767	11.715982991495748	2.1478724961000673
dataset_name-FR-FCM-Z2KP_healthy_final_seed-420_sub-sampling-10000	random	num-1	run0	1536957	6	84697	194807	686400	8.104183146982773	2.2460796721180447
dataset_name-FR-FCM-Z2KP_healthy_final_seed-420_sub-sampling-10000	random	num-2	run0	1471041	6	82881	197436	607573	7.330666859714531	2.305417869993076
dataset_name-FR-FCM-Z2KP_healthy_final_seed-420_sub-sampling-10000	random	num-3	run0	1356644	6	71844	174481	605424	8.426925004175715	2.2359595996398873
dataset_name-FR-FCM-Z2KP_healthy_final_seed-420_sub-sampling-10000	random	num-4	run0	1421911	6	65416	175073	669963	10.241576984224043	2.1875899972651505
dataset_name-FR-FCM-Z2KP_healthy_final_seed-420_sub-sampling-10000	random	num-5	run0	1408466	6	73604	168336	661241	8.983764469322319	2.198421956110957
dataset_name-FR-FCM-Z2KP_healthy_final_seed-420_sub-sampling-100000	cyanno	num-1	run0	1536957	6	84697	194807	686400	8.104183146982773	2.2460796721180447
dataset_name-FR-FCM-Z2KP_healthy_final_seed-420_sub-sampling-100000	cyanno	num-2	run0	1471041	6	82881	197436	607573	7.330666859714531	2.305417869993076
dataset_name-FR-FCM-Z2KP_healthy_final_seed-420_sub-sampling-100000	cyanno	num-3	run0	1356644	6	71844	174481	605424	8.426925004175715	2.2359595996398873
dataset_name-FR-FCM-Z2KP_healthy_final_seed-420_sub-sampling-100000	cyanno	num-4	run0	1421911	6	65416	175073	669963	10.241576984224043	2.1875899972651505
dataset_name-FR-FCM-Z2KP_healthy_final_seed-420_sub-sampling-100000	cyanno	num-5	run0	1408466	6	73604	168336	661241	8.983764469322319	2.198421956110957
dataset_name-FR-FCM-Z2KP_healthy_final_seed-420_sub-sampling-100000	cygate	num-1	run0	1515146	6	76275	194169	674288	8.840222877745001	2.2429938021073803
dataset_name-FR-FCM-Z2KP_healthy_final_seed-420_sub-sampling-100000	cygate	num-2	run0	1352202	6	61668	178792	553185	8.97037361354349	2.295463959054982
dataset_name-FR-FCM-Z2KP_healthy_final_seed-420_sub-sampling-100000	cygate	num-3	run0	1251090	6	50031	155865.5	575367	11.500209869880674	2.1945230049308835
dataset_name-FR-FCM-Z2KP_healthy_final_seed-420_sub-sampling-100000	cygate	num-4	run0	1392291	6	63012	175039	667906	10.599663556148036	2.1653202550592243
dataset_name-FR-FCM-Z2KP_healthy_final_seed-420_sub-sampling-100000	cygate	num-5	run0	1306550	6	56124	155844	634665	11.308263844344665	2.1530211095659566
dataset_name-FR-FCM-Z2KP_healthy_final_seed-420_sub-sampling-100000	dgcytof	num-1	run0	1536957	6	84697	194807	686400	8.104183146982773	2.2460796721180447
dataset_name-FR-FCM-Z2KP_healthy_final_seed-420_sub-sampling-100000	dgcytof	num-2	run0	1471041	6	82881	197436	607573	7.330666859714531	2.305417869993076
dataset_name-FR-FCM-Z2KP_healthy_final_seed-420_sub-sampling-100000	dgcytof	num-3	run0	1356644	6	71844	174481	605424	8.426925004175715	2.2359595996398873
dataset_name-FR-FCM-Z2KP_healthy_final_seed-420_sub-sampling-100000	dgcytof	num-4	run0	1421911	6	65416	175073	669963	10.241576984224043	2.1875899972651505
dataset_name-FR-FCM-Z2KP_healthy_final_seed-420_sub-sampling-100000	dgcytof	num-5	run0	1408466	6	73604	168336	661241	8.983764469322319	2.198421956110957
dataset_name-FR-FCM-Z2KP_healthy_final_seed-420_sub-sampling-100000	lda	num-1	run0	1473864	6	64864	183510	672995	10.375477923038973	2.2130106998706056
dataset_name-FR-FCM-Z2KP_healthy_final_seed-420_sub-sampling-100000	lda	num-2	run0	1394404	6	64922	181937.5	602133	9.274714272511629	2.258133101793226
dataset_name-FR-FCM-Z2KP_healthy_final_seed-420_sub-sampling-100000	lda	num-3	run0	1266355	6	52068	155851	599302	11.509986940155182	2.1715147709795595
dataset_name-FR-FCM-Z2KP_healthy_final_seed-420_sub-sampling-100000	lda	num-4	run0	1365149	6	52449	164050	663493	12.650250719746802	2.1464013535071067
dataset_name-FR-FCM-Z2KP_healthy_final_seed-420_sub-sampling-100000	lda	num-5	run0	1334086	6	52818	153784.5	655308	12.406906736339884	2.138016639089491
dataset_name-FR-FCM-Z2KP_healthy_final_seed-420_sub-sampling-100000	random	num-1	run0	1536957	6	84697	194807	686400	8.104183146982773	2.2460796721180447
dataset_name-FR-FCM-Z2KP_healthy_final_seed-420_sub-sampling-100000	random	num-2	run0	1471041	6	82881	197436	607573	7.330666859714531	2.305417869993076
dataset_name-FR-FCM-Z2KP_healthy_final_seed-420_sub-sampling-100000	random	num-3	run0	1356644	6	71844	174481	605424	8.426925004175715	2.2359595996398873
dataset_name-FR-FCM-Z2KP_healthy_final_seed-420_sub-sampling-100000	random	num-4	run0	1421911	6	65416	175073	669963	10.241576984224043	2.1875899972651505
dataset_name-FR-FCM-Z2KP_healthy_final_seed-420_sub-sampling-100000	random	num-5	run0	1408466	6	73604	168336	661241	8.983764469322319	2.198421956110957
dataset_name-FR-FCM-Z2KP_healthy_final_seed-420_sub-sampling-5000	cyanno	num-1	run0	1536957	6	84697	194807	686400	8.104183146982773	2.2460796721180447
dataset_name-FR-FCM-Z2KP_healthy_final_seed-420_sub-sampling-5000	cyanno	num-2	run0	1471041	6	82881	197436	607573	7.330666859714531	2.305417869993076
dataset_name-FR-FCM-Z2KP_healthy_final_seed-420_sub-sampling-5000	cyanno	num-3	run0	1356644	6	71844	174481	605424	8.426925004175715	2.2359595996398873
dataset_name-FR-FCM-Z2KP_healthy_final_seed-420_sub-sampling-5000	cyanno	num-4	run0	1421911	6	65416	175073	669963	10.241576984224043	2.1875899972651505
dataset_name-FR-FCM-Z2KP_healthy_final_seed-420_sub-sampling-5000	cyanno	num-5	run0	1408466	6	73604	168336	661241	8.983764469322319	2.198421956110957
dataset_name-FR-FCM-Z2KP_healthy_final_seed-420_sub-sampling-5000	cygate	num-1	run0	1512610	6	76478	193778	672332	8.791181777766155	2.244285378652119
dataset_name-FR-FCM-Z2KP_healthy_final_seed-420_sub-sampling-5000	cygate	num-2	run0	1337621	6	61816	178486	556199	8.997654328976317	2.2832977777014207
dataset_name-FR-FCM-Z2KP_healthy_final_seed-420_sub-sampling-5000	cygate	num-3	run0	1243892	6	44543	147801	587360	13.186359248366747	2.1610399635637445
dataset_name-FR-FCM-Z2KP_healthy_final_seed-420_sub-sampling-5000	cygate	num-4	run0	1308834	6	36988	170134	652985	17.653968854763708	2.087786249209076
dataset_name-FR-FCM-Z2KP_healthy_final_seed-420_sub-sampling-5000	cygate	num-5	run0	1308631	6	55604	155832.5	634863	11.417577872095533	2.153450726912904
dataset_name-FR-FCM-Z2KP_healthy_final_seed-420_sub-sampling-5000	dgcytof	num-1	run0	1536957	6	84697	194807	686400	8.104183146982773	2.2460796721180447
dataset_name-FR-FCM-Z2KP_healthy_final_seed-420_sub-sampling-5000	dgcytof	num-2	run0	1471041	6	82881	197436	607573	7.330666859714531	2.305417869993076
dataset_name-FR-FCM-Z2KP_healthy_final_seed-420_sub-sampling-5000	dgcytof	num-3	run0	1356644	6	71844	174481	605424	8.426925004175715	2.2359595996398873
dataset_name-FR-FCM-Z2KP_healthy_final_seed-420_sub-sampling-5000	dgcytof	num-4	run0	1421911	6	65416	175073	669963	10.241576984224043	2.1875899972651505
dataset_name-FR-FCM-Z2KP_healthy_final_seed-420_sub-sampling-5000	dgcytof	num-5	run0	1408466	6	73604	168336	661241	8.983764469322319	2.198421956110957
dataset_name-FR-FCM-Z2KP_healthy_final_seed-420_sub-sampling-5000	lda	num-1	run0	1489534	6	71022	188027.5	673670	9.485370730196276	2.2264330601435733
dataset_name-FR-FCM-Z2KP_healthy_final_seed-420_sub-sampling-5000	lda	num-2	run0	1391385	6	64594	181774.5	601108	9.3059417283339	2.257422703546434
dataset_name-FR-FCM-Z2KP_healthy_final_seed-420_sub-sampling-5000	lda	num-3	run0	1290216	6	59638	162921.5	601305	10.08258157550555	2.1933356427416353
dataset_name-FR-FCM-Z2KP_healthy_final_seed-420_sub-sampling-5000	lda	num-4	run0	1368401	6	53705	165113.5	662701	12.33965180150824	2.1513027586488365
dataset_name-FR-FCM-Z2KP_healthy_final_seed-420_sub-sampling-5000	lda	num-5	run0	1345568	6	56405	156947	655342	11.618508997429306	2.1502177922887866
dataset_name-FR-FCM-Z2KP_healthy_final_seed-420_sub-sampling-5000	random	num-1	run0	1536957	6	84697	194807	686400	8.104183146982773	2.2460796721180447
dataset_name-FR-FCM-Z2KP_healthy_final_seed-420_sub-sampling-5000	random	num-2	run0	1471041	6	82881	197436	607573	7.330666859714531	2.305417869993076
dataset_name-FR-FCM-Z2KP_healthy_final_seed-420_sub-sampling-5000	random	num-3	run0	1356644	6	71844	174481	605424	8.426925004175715	2.2359595996398873
dataset_name-FR-FCM-Z2KP_healthy_final_seed-420_sub-sampling-5000	random	num-4	run0	1421911	6	65416	175073	669963	10.241576984224043	2.1875899972651505
dataset_name-FR-FCM-Z2KP_healthy_final_seed-420_sub-sampling-5000	random	num-5	run0	1408466	6	73604	168336	661241	8.983764469322319	2.198421956110957
dataset_name-FR-FCM-Z2KP_healthy_final_seed-420_sub-sampling-50000	cyanno	num-1	run0	1536957	6	84697	194807	686400	8.104183146982773	2.2460796721180447
dataset_name-FR-FCM-Z2KP_healthy_final_seed-420_sub-sampling-50000	cyanno	num-2	run0	1471041	6	82881	197436	607573	7.330666859714531	2.305417869993076
dataset_name-FR-FCM-Z2KP_healthy_final_seed-420_sub-sampling-50000	cyanno	num-3	run0	1356644	6	71844	174481	605424	8.426925004175715	2.2359595996398873
dataset_name-FR-FCM-Z2KP_healthy_final_seed-420_sub-sampling-50000	cyanno	num-4	run0	1421911	6	65416	175073	669963	10.241576984224043	2.1875899972651505
dataset_name-FR-FCM-Z2KP_healthy_final_seed-420_sub-sampling-50000	cyanno	num-5	run0	1408466	6	73604	168336	661241	8.983764469322319	2.198421956110957
dataset_name-FR-FCM-Z2KP_healthy_final_seed-420_sub-sampling-50000	cygate	num-1	run0	1515177	6	76374	194195	674168	8.827192500065467	2.2432365561433643
dataset_name-FR-FCM-Z2KP_healthy_final_seed-420_sub-sampling-50000	cygate	num-2	run0	1359224	6	61612	179536	558607	9.066529247549179	2.2920721914135758
dataset_name-FR-FCM-Z2KP_healthy_final_seed-420_sub-sampling-50000	cygate	num-3	run0	1247540	6	48611	156657	575598	11.840900207771904	2.190846880990212
dataset_name-FR-FCM-Z2KP_healthy_final_seed-420_sub-sampling-50000	cygate	num-4	run0	1392042	6	62982	175018	667935	10.605172906544727	2.1650659788339857
dataset_name-FR-FCM-Z2KP_healthy_final_seed-420_sub-sampling-50000	cygate	num-5	run0	1307120	6	55658	155843.5	634867	11.406572280714363	2.1524564162631403
dataset_name-FR-FCM-Z2KP_healthy_final_seed-420_sub-sampling-50000	dgcytof	num-1	run0	1536957	6	84697	194807	686400	8.104183146982773	2.2460796721180447
dataset_name-FR-FCM-Z2KP_healthy_final_seed-420_sub-sampling-50000	dgcytof	num-2	run0	1471041	6	82881	197436	607573	7.330666859714531	2.305417869993076
dataset_name-FR-FCM-Z2KP_healthy_final_seed-420_sub-sampling-50000	dgcytof	num-3	run0	1356644	6	71844	174481	605424	8.426925004175715	2.2359595996398873
dataset_name-FR-FCM-Z2KP_healthy_final_seed-420_sub-sampling-50000	dgcytof	num-4	run0	1421911	6	65416	175073	669963	10.241576984224043	2.1875899972651505
dataset_name-FR-FCM-Z2KP_healthy_final_seed-420_sub-sampling-50000	dgcytof	num-5	run0	1408466	6	73604	168336	661241	8.983764469322319	2.198421956110957
dataset_name-FR-FCM-Z2KP_healthy_final_seed-420_sub-sampling-50000	lda	num-1	run0	1477008	6	66814	183959.5	673444	10.07938456012213	2.2160919594040163
dataset_name-FR-FCM-Z2KP_healthy_final_seed-420_sub-sampling-50000	lda	num-2	run0	1379095	6	59880	181647	600637	10.03067802271209	2.245433950674657
dataset_name-FR-FCM-Z2KP_healthy_final_seed-420_sub-sampling-50000	lda	num-3	run0	1269959	6	52642	157231	599296	11.384369894760837	2.1747613941113455
dataset_name-FR-FCM-Z2KP_healthy_final_seed-420_sub-sampling-50000	lda	num-4	run0	1366113	6	52703	164335	663568	12.590706411399731	2.1472545127549387
dataset_name-FR-FCM-Z2KP_healthy_final_seed-420_sub-sampling-50000	lda	num-5	run0	1332954	6	53211	153848.5	654797	12.30566988028791	2.138520010197919
dataset_name-FR-FCM-Z2KP_healthy_final_seed-420_sub-sampling-50000	random	num-1	run0	1536957	6	84697	194807	686400	8.104183146982773	2.2460796721180447
dataset_name-FR-FCM-Z2KP_healthy_final_seed-420_sub-sampling-50000	random	num-2	run0	1471041	6	82881	197436	607573	7.330666859714531	2.305417869993076
dataset_name-FR-FCM-Z2KP_healthy_final_seed-420_sub-sampling-50000	random	num-3	run0	1356644	6	71844	174481	605424	8.426925004175715	2.2359595996398873
dataset_name-FR-FCM-Z2KP_healthy_final_seed-420_sub-sampling-50000	random	num-4	run0	1421911	6	65416	175073	669963	10.241576984224043	2.1875899972651505
dataset_name-FR-FCM-Z2KP_healthy_final_seed-420_sub-sampling-50000	random	num-5	run0	1408466	6	73604	168336	661241	8.983764469322319	2.198421956110957
dataset_name-FR-FCM-Z2KP_virus_final_seed-42	cyanno	num-1	run0	3804850	6	148112	449638.5	1497047	10.107533488171114	2.247193108834273
dataset_name-FR-FCM-Z2KP_virus_final_seed-42	cyanno	num-2	run0	3956437	6	184787	438045	1680825	9.096013247685173	2.2271713469561583
dataset_name-FR-FCM-Z2KP_virus_final_seed-42	cyanno	num-3	run0	3871161	6	177410	443714	1569785	8.848345640042838	2.2422588585778613
dataset_name-FR-FCM-Z2KP_virus_final_seed-42	cyanno	num-4	run0	3907351	6	169715	436708.5	1629182	9.599516837050349	2.222462711006057
dataset_name-FR-FCM-Z2KP_virus_final_seed-42	cyanno	num-5	run0	3978798	6	182585	450606.5	1658216	9.08188514938248	2.2336568904312313
dataset_name-FR-FCM-Z2KP_virus_final_seed-42	cygate	num-1	run0	3768363	6	140300	448497.5	1485856	10.59056307911618	2.2447629189763236
dataset_name-FR-FCM-Z2KP_virus_final_seed-42	cygate	num-2	run0	3789323	6	153912	404090	1624641	10.555648682363948	2.203063723929093
dataset_name-FR-FCM-Z2KP_virus_final_seed-42	cygate	num-3	run0	3586312	6	151397	369073.5	1472895	9.728693435140723	2.208604323636005
dataset_name-FR-FCM-Z2KP_virus_final_seed-42	cygate	num-4	run0	3674391	6	130199	361980	1600287	12.29108518498606	2.1586212047148208
dataset_name-FR-FCM-Z2KP_virus_final_seed-42	cygate	num-5	run0	3694040	6	136993	383338	1567485	11.442080982239968	2.1894939141014644
dataset_name-FR-FCM-Z2KP_virus_final_seed-42	dgcytof	num-1	run0	3804850	6	148112	449638.5	1497047	10.107533488171114	2.247193108834273
dataset_name-FR-FCM-Z2KP_virus_final_seed-42	dgcytof	num-2	run0	3956437	6	184787	438045	1680825	9.096013247685173	2.2271713469561583
dataset_name-FR-FCM-Z2KP_virus_final_seed-42	dgcytof	num-3	run0	3871161	6	177410	443714	1569785	8.848345640042838	2.2422588585778613
dataset_name-FR-FCM-Z2KP_virus_final_seed-42	dgcytof	num-4	run0	3907351	6	169715	436708.5	1629182	9.599516837050349	2.222462711006057
dataset_name-FR-FCM-Z2KP_virus_final_seed-42	dgcytof	num-5	run0	3978798	6	182585	450606.5	1658216	9.08188514938248	2.2336568904312313
dataset_name-FR-FCM-Z2KP_virus_final_seed-42	lda	num-1	run0	3615263	6	118892	427845	1488835	12.522583521178886	2.18953685812276
dataset_name-FR-FCM-Z2KP_virus_final_seed-42	lda	num-2	run0	3828528	6	170541	419016	1657186	9.717229287971808	2.2121621143093737
dataset_name-FR-FCM-Z2KP_virus_final_seed-42	lda	num-3	run0	3629528	6	128611	416511	1550880	12.058688603618664	2.173357040450184
dataset_name-FR-FCM-Z2KP_virus_final_seed-42	lda	num-4	run0	3718230	6	123093	421221.5	1616314	13.130836034542988	2.1631586075726084
dataset_name-FR-FCM-Z2KP_virus_final_seed-42	lda	num-5	run0	3792755	6	152489	426790	1643495	10.77779380807796	2.198016668664341
dataset_name-FR-FCM-Z2KP_virus_final_seed-42	random	num-1	run0	3804850	6	148112	449638.5	1497047	10.107533488171114	2.247193108834273
dataset_name-FR-FCM-Z2KP_virus_final_seed-42	random	num-2	run0	3956437	6	184787	438045	1680825	9.096013247685173	2.2271713469561583
dataset_name-FR-FCM-Z2KP_virus_final_seed-42	random	num-3	run0	3871161	6	177410	443714	1569785	8.848345640042838	2.2422588585778613
dataset_name-FR-FCM-Z2KP_virus_final_seed-42	random	num-4	run0	3907351	6	169715	436708.5	1629182	9.599516837050349	2.222462711006057
dataset_name-FR-FCM-Z2KP_virus_final_seed-42	random	num-5	run0	3978798	6	182585	450606.5	1658216	9.08188514938248	2.2336568904312313
dataset_name-FR-FCM-Z3YR_seed-42	cyanno	num-1	run0	16665728	28	1287	59783.5	10045380	7805.268065268066	2.363870750798249
dataset_name-FR-FCM-Z3YR_seed-42	cyanno	num-2	run0	16671781	28	1291	59806.5	10049130	7783.989155693261	2.36393320919196
dataset_name-FR-FCM-Z3YR_seed-42	cyanno	num-3	run0	16028386	28	1253	57659	9667226	7715.264166001596	2.362980441594017
dataset_name-FR-FCM-Z3YR_seed-42	cyanno	num-4	run0	16163956	28	1255	58228	9748168	7767.464541832669	2.3625176428125534
dataset_name-FR-FCM-Z3YR_seed-42	cyanno	num-5	run0	16114380	28	1244	57528.5	9715414	7809.818327974276	2.3632974139031964
dataset_name-FR-FCM-Z3YR_seed-42	cygate	num-1	run0	16209847	28	656	50944	9944552	15159.378048780487	2.291385119240259
dataset_name-FR-FCM-Z3YR_seed-42	cygate	num-2	run0	16287863	28	944	51259	9959077	10549.86970338983	2.3071051379872674
dataset_name-FR-FCM-Z3YR_seed-42	cygate	num-3	run0	15674629	28	930	50331.5	9603139	10325.955913978494	2.3011012827914525
dataset_name-FR-FCM-Z3YR_seed-42	cygate	num-4	run0	15734492	28	713	49517	9660187	13548.649368863955	2.2959072751737555
dataset_name-FR-FCM-Z3YR_seed-42	cygate	num-5	run0	15536797	28	821	49899	9463844	11527.215590742997	2.3218246203786412
dataset_name-FR-FCM-Z3YR_seed-42	dgcytof	num-1	run0	16665728	28	1287	59783.5	10045380	7805.268065268066	2.363870750798249
dataset_name-FR-FCM-Z3YR_seed-42	dgcytof	num-2	run0	16671781	28	1291	59806.5	10049130	7783.989155693261	2.36393320919196
dataset_name-FR-FCM-Z3YR_seed-42	dgcytof	num-3	run0	16028386	28	1253	57659	9667226	7715.264166001596	2.362980441594017
dataset_name-FR-FCM-Z3YR_seed-42	dgcytof	num-4	run0	16163956	28	1255	58228	9748168	7767.464541832669	2.3625176428125534
dataset_name-FR-FCM-Z3YR_seed-42	dgcytof	num-5	run0	16114380	28	1244	57528.5	9715414	7809.818327974276	2.3632974139031964
dataset_name-FR-FCM-Z3YR_seed-42	lda	num-1	run0	16462252	28	1185	59104.5	10013960	8450.599156118144	2.341274787575193
dataset_name-FR-FCM-Z3YR_seed-42	lda	num-2	run0	16524341	28	1183	59197	10038523	8485.649196956889	2.3430164350188982
dataset_name-FR-FCM-Z3YR_seed-42	lda	num-3	run0	15872550	28	1159	56995.5	9653799	8329.421052631578	2.339868274708982
dataset_name-FR-FCM-Z3YR_seed-42	lda	num-4	run0	15982233	28	1158	57778.5	9728281	8400.933506044905	2.3390469533049623
dataset_name-FR-FCM-Z3YR_seed-42	lda	num-5	run0	15956885	28	1123	56878.5	9702044	8639.398040961709	2.3399496547603884
dataset_name-FR-FCM-Z3YR_seed-42	random	num-1	run0	16665728	28	1287	59783.5	10045380	7805.268065268066	2.363870750798249
dataset_name-FR-FCM-Z3YR_seed-42	random	num-2	run0	16671781	28	1291	59806.5	10049130	7783.989155693261	2.36393320919196
dataset_name-FR-FCM-Z3YR_seed-42	random	num-3	run0	16028386	28	1253	57659	9667226	7715.264166001596	2.362980441594017
dataset_name-FR-FCM-Z3YR_seed-42	random	num-4	run0	16163956	28	1255	58228	9748168	7767.464541832669	2.3625176428125534
dataset_name-FR-FCM-Z3YR_seed-42	random	num-5	run0	16114380	28	1244	57528.5	9715414	7809.818327974276	2.3632974139031964
dataset_name-Levine_seed-42	cyanno	num-1	run0	191351	15	182	2066	118888	653.2307692307693	2.0167418347117816
dataset_name-Levine_seed-42	cyanno	num-2	run0	74276	15	87	1229	42555	489.13793103448273	2.221288651951389
dataset_name-Levine_seed-42	cygate	num-1	run0	182013	15	182	2066	110011	604.4560439560439	2.07492896969795
dataset_name-Levine_seed-42	cygate	num-2	run0	72900	15	87	1222	41203	473.5977011494253	2.246359447003807
dataset_name-Levine_seed-42	dgcytof	num-1	run0	191351	15	182	2066	118888	653.2307692307693	2.0167418347117816
dataset_name-Levine_seed-42	dgcytof	num-2	run0	74276	15	87	1229	42555	489.13793103448273	2.221288651951389
dataset_name-Levine_seed-42	lda	num-1	run0	150932	15	149	1763	95120	638.3892617449665	2.012732290179763
dataset_name-Levine_seed-42	lda	num-2	run0	53148	15	85	1044	30923	363.8	2.247920377286217
dataset_name-Levine_seed-42	random	num-1	run0	191351	15	182	2066	118888	653.2307692307693	2.0167418347117816
dataset_name-Levine_seed-42	random	num-2	run0	74276	15	87	1229	42555	489.13793103448273	2.221288651951389
dataset_name-Samusik_seed-42	cyanno	num-1	run0	755903	25	26	5073	293262	11279.307692307691	2.9765641618817775
dataset_name-Samusik_seed-42	cyanno	num-2	run0	760931	25	26	4924	297671	11448.884615384615	2.9606079902233415
dataset_name-Samusik_seed-42	cyanno	num-3	run0	757088	25	28	5067	297550	10626.785714285714	2.972600179306827
dataset_name-Samusik_seed-42	cyanno	num-4	run0	758138	25	24	5112	296206	12341.916666666666	2.9700446310554636
dataset_name-Samusik_seed-42	cyanno	num-5	run0	764362	25	27	5223	295815	10956.111111111111	2.9793343314019167
dataset_name-Samusik_seed-42	cygate	num-1	run0	733815	25	26	5071	273956	10536.76923076923	3.0168303130999194
dataset_name-Samusik_seed-42	cygate	num-2	run0	706227	25	26	4922	254912	9804.307692307691	3.0487670489779974
dataset_name-Samusik_seed-42	cygate	num-3	run0	733150	25	28	5067	277649	9916.035714285714	3.0133603775166544
dataset_name-Samusik_seed-42	cygate	num-4	run0	721569	25	24	5111	269689	11237.041666666666	3.0219805976384615
dataset_name-Samusik_seed-42	cygate	num-5	run0	738262	25	27	5223	274000	10148.148148148148	3.0240312191796543
dataset_name-Samusik_seed-42	dgcytof	num-1	run0	755903	25	26	5073	293262	11279.307692307691	2.9765641618817775
dataset_name-Samusik_seed-42	dgcytof	num-2	run0	760931	25	26	4924	297671	11448.884615384615	2.9606079902233415
dataset_name-Samusik_seed-42	dgcytof	num-3	run0	757088	25	28	5067	297550	10626.785714285714	2.972600179306827
dataset_name-Samusik_seed-42	dgcytof	num-4	run0	758138	25	24	5112	296206	12341.916666666666	2.9700446310554636
dataset_name-Samusik_seed-42	dgcytof	num-5	run0	764362	25	27	5223	295815	10956.111111111111	2.9793343314019167
dataset_name-Samusik_seed-42	lda	num-1	run0	574278	25	23	4923	227540	9893.04347826087	2.9787024911335656
dataset_name-Samusik_seed-42	lda	num-2	run0	538304	25	26	4197	218053	8386.653846153846	2.916226588523305
dataset_name-Samusik_seed-42	lda	num-3	run0	529381	25	24	4798	212894	8870.583333333334	2.965372020141914
dataset_name-Samusik_seed-42	lda	num-4	run0	507040	25	23	4230	202589	8808.217391304348	2.955496938081862
dataset_name-Samusik_seed-42	lda	num-5	run0	550251	25	27	4666	220278	8158.444444444444	2.9732041842489005
dataset_name-Samusik_seed-42	random	num-1	run0	755903	25	26	5073	293262	11279.307692307691	2.9765641618817775
dataset_name-Samusik_seed-42	random	num-2	run0	760931	25	26	4924	297671	11448.884615384615	2.9606079902233415
dataset_name-Samusik_seed-42	random	num-3	run0	757088	25	28	5067	297550	10626.785714285714	2.972600179306827
dataset_name-Samusik_seed-42	random	num-4	run0	758138	25	24	5112	296206	12341.916666666666	2.9700446310554636
dataset_name-Samusik_seed-42	random	num-5	run0	764362	25	27	5223	295815	10956.111111111111	2.9793343314019167
dataset_name-Transformed_seed-42	cyanno	num-1	run0	165885	8	1900	11453.5	60654	31.923157894736843	2.2713277759194312
dataset_name-Transformed_seed-42	cyanno	num-2	run0	160829	8	1784	11410.5	58299	32.678811659192824	2.275449350307967
dataset_name-Transformed_seed-42	cyanno	num-3	run0	163357	8	1865	11448.5	59143	31.71206434316354	2.266821613603159
dataset_name-Transformed_seed-42	cyanno	num-4	run0	163801	8	1851	11668	60032	32.43219881145327	2.275474363828249
dataset_name-Transformed_seed-42	cyanno	num-5	run0	161138	8	1838	11932	59222	32.220892274211096	2.2862298259460023
dataset_name-Transformed_seed-42	cygate	num-1	run0	129918	8	1531	10267.5	39442	25.762246897452645	2.378255013176461
dataset_name-Transformed_seed-42	cygate	num-2	run0	158779	8	1783	11366.5	57202	32.081884464385865	2.279463895111955
dataset_name-Transformed_seed-42	cygate	num-3	run0	136527	8	1750	11124.5	42899	24.513714285714286	2.351125838470858
dataset_name-Transformed_seed-42	cygate	num-4	run0	142677	8	1621	10957	52001	32.07958050586058	2.319352071754935
dataset_name-Transformed_seed-42	cygate	num-5	run0	153417	8	1758	11657	58796	33.4448236632537	2.2934099330023585
dataset_name-Transformed_seed-42	dgcytof	num-1	run0	165885	8	1900	11453.5	60654	31.923157894736843	2.2713277759194312
dataset_name-Transformed_seed-42	dgcytof	num-2	run0	160829	8	1784	11410.5	58299	32.678811659192824	2.275449350307967
dataset_name-Transformed_seed-42	dgcytof	num-3	run0	163357	8	1865	11448.5	59143	31.71206434316354	2.266821613603159
dataset_name-Transformed_seed-42	dgcytof	num-4	run0	163801	8	1851	11668	60032	32.43219881145327	2.275474363828249
dataset_name-Transformed_seed-42	dgcytof	num-5	run0	161138	8	1838	11932	59222	32.220892274211096	2.2862298259460023
dataset_name-Transformed_seed-42	lda	num-1	run0	62691	8	54	4538.5	24602	455.5925925925926	2.1744895417978922
dataset_name-Transformed_seed-42	lda	num-2	run0	109307	8	221	7596	44556	201.6108597285068	2.105027847771343
dataset_name-Transformed_seed-42	lda	num-3	run0	56914	8	84	4632	25598	304.73809523809524	2.155633882950906
dataset_name-Transformed_seed-42	lda	num-4	run0	92497	8	90	6271.5	37550	417.22222222222223	2.096226582072752
dataset_name-Transformed_seed-42	lda	num-5	run0	110391	8	373	7667	41872	112.25737265415549	2.160870753531319
dataset_name-Transformed_seed-42	random	num-1	run0	165885	8	1900	11453.5	60654	31.923157894736843	2.2713277759194312
dataset_name-Transformed_seed-42	random	num-2	run0	160829	8	1784	11410.5	58299	32.678811659192824	2.275449350307967
dataset_name-Transformed_seed-42	random	num-3	run0	163357	8	1865	11448.5	59143	31.71206434316354	2.266821613603159
dataset_name-Transformed_seed-42	random	num-4	run0	163801	8	1851	11668	60032	32.43219881145327	2.275474363828249
dataset_name-Transformed_seed-42	random	num-5	run0	161138	8	1838	11932	59222	32.220892274211096	2.2862298259460023
dataset_name-flowcyt_seed-42	cyanno	num-1	run0	21044883	6	3575	281811	18992797	5312.6704895104895	0.6127140581454323
dataset_name-flowcyt_seed-42	cyanno	num-2	run0	20254822	6	3541	277869	18254960	5155.312058740469	0.6192130180614133
dataset_name-flowcyt_seed-42	cyanno	num-3	run0	20817600	6	3552	285379.5	18763473	5282.509290540541	0.6189045555453503
dataset_name-flowcyt_seed-42	cyanno	num-4	run0	20273915	6	3421	271071.5	18275701	5342.210172464192	0.6160014604432116
dataset_name-flowcyt_seed-42	cyanno	num-5	run0	20668387	6	3493	277395	18679265	5347.628113369597	0.606766481787022
dataset_name-flowcyt_seed-42	cygate	num-1	run0	20948049	6	3575	281811	18895963	5285.584055944056	0.6148604931374341
dataset_name-flowcyt_seed-42	cygate	num-2	run0	20229356	6	3541	277869	18229494	5148.120304998588	0.6198035971463924
dataset_name-flowcyt_seed-42	cygate	num-3	run0	20809904	6	3552	285379.5	18755777	5280.342623873874	0.6190780023978324
dataset_name-flowcyt_seed-42	cygate	num-4	run0	20271227	6	3421	271071.5	18273013	5341.424437299035	0.6160632917122287
dataset_name-flowcyt_seed-42	cygate	num-5	run0	20649785	6	3493	277395	18660663	5342.302605210421	0.6071815036542467
dataset_name-flowcyt_seed-42	dgcytof	num-1	run0	21044883	6	3575	281811	18992797	5312.6704895104895	0.6127140581454323
dataset_name-flowcyt_seed-42	dgcytof	num-2	run0	20254822	6	3541	277869	18254960	5155.312058740469	0.6192130180614133
dataset_name-flowcyt_seed-42	dgcytof	num-3	run0	20817600	6	3552	285379.5	18763473	5282.509290540541	0.6189045555453503
dataset_name-flowcyt_seed-42	dgcytof	num-4	run0	20273915	6	3421	271071.5	18275701	5342.210172464192	0.6160014604432116
dataset_name-flowcyt_seed-42	dgcytof	num-5	run0	20668387	6	3493	277395	18679265	5347.628113369597	0.606766481787022
dataset_name-flowcyt_seed-42	lda	num-1	run0	20333767	6	3532	265360.5	18631859	5275.158267270668	0.5543347632181418
dataset_name-flowcyt_seed-42	lda	num-2	run0	19937763	6	3541	256673	18046922	5096.560858514544	0.5996595708845944
dataset_name-flowcyt_seed-42	lda	num-3	run0	20554679	6	3539	273126.5	18609819	5258.496467928793	0.6012049224412208
dataset_name-flowcyt_seed-42	lda	num-4	run0	19931427	6	3417	258675.5	18018116	5273.080479953175	0.6032415607929897
dataset_name-flowcyt_seed-42	lda	num-5	run0	20343658	6	3474	253377	18484129	5320.704951065055	0.5821327190788774
dataset_name-flowcyt_seed-42	random	num-1	run0	21044883	6	3575	281811	18992797	5312.6704895104895	0.6127140581454323
dataset_name-flowcyt_seed-42	random	num-2	run0	20254822	6	3541	277869	18254960	5155.312058740469	0.6192130180614133
dataset_name-flowcyt_seed-42	random	num-3	run0	20817600	6	3552	285379.5	18763473	5282.509290540541	0.6189045555453503
dataset_name-flowcyt_seed-42	random	num-4	run0	20273915	6	3421	271071.5	18275701	5342.210172464192	0.6160014604432116
dataset_name-flowcyt_seed-42	random	num-5	run0	20668387	6	3493	277395	18679265	5347.628113369597	0.606766481787022
