dataset	model	crossvalidation	run_id	population_id	population_name	population	tp	fp	fn	tn	tpr	fpr	fnr	tnr
dataset_name-FR-FCM-Z238_infection_final_seed-42	cygate	num-1	run0	16	Debris	Debris	0	0	3391	2728842	0	0	1	1
dataset_name-FR-FCM-Z238_infection_final_seed-42	cygate	num-1	run0	18	Dendritic Cell (Type 2, CD1c+)	Dendritic Cell (Type 2, CD1c+)	0	0	449	2731784	0	0	1	1
dataset_name-FR-FCM-Z238_infection_final_seed-42	cygate	num-1	run0	5	CD4+ CD8+ T Cell	CD4+ CD8+ T Cell	9627	10338	177021	2535247	0.051578372122926576	0.004061149008970433	0.9484216278770734	0.9959388509910295
dataset_name-FR-FCM-Z238_infection_final_seed-42	cygate	num-1	run0	25	Ungated	Ungated	25223	12292	312392	2382326	0.07470935829272989	0.00513317781792336	0.9252906417072702	0.9948668221820767
dataset_name-FR-FCM-Z238_infection_final_seed-42	cygate	num-1	run0	7	CD4+ T Cell (EMRA)	CD4+ T Cell (EMRA)	961	18834	6559	2705879	0.12779255319148936	0.006912287642771918	0.8722074468085106	0.993087712357228
dataset_name-FR-FCM-Z238_infection_final_seed-42	cygate	num-2	run0	16	Debris	Debris	0	0	3434	2700117	0	0	1	1
dataset_name-FR-FCM-Z238_infection_final_seed-42	cygate	num-2	run0	25	Ungated	Ungated	14436	19378	362345	2307392	0.03831403388175094	0.008328283414346927	0.9616859661182491	0.9916717165856531
dataset_name-FR-FCM-Z238_infection_final_seed-42	cygate	num-2	run0	10	CD4+ T Cell (Treg)	CD4+ T Cell (Treg)	4464	3278	47713	2648096	0.0855549379995017	0.0012363401013964835	0.9144450620004984	0.9987636598986035
dataset_name-FR-FCM-Z238_infection_final_seed-42	cygate	num-2	run0	18	Dendritic Cell (Type 2, CD1c+)	Dendritic Cell (Type 2, CD1c+)	45	7175	356	2695975	0.11221945137157108	0.0026543107115772338	0.8877805486284289	0.9973456892884228
dataset_name-FR-FCM-Z238_infection_final_seed-42	cygate	num-2	run0	14	CD8+ T Cell (Effector Memory)	CD8+ T Cell (Effector Memory)	1797	9888	5590	2686276	0.24326519561391635	0.003667432693263466	0.7567348043860836	0.9963325673067366
dataset_name-FR-FCM-Z238_infection_final_seed-42	cygate	num-3	run0	4	Basophil	Basophil	0	0	2332	2764079	0	0	1	1
dataset_name-FR-FCM-Z238_infection_final_seed-42	cygate	num-3	run0	5	CD4+ CD8+ T Cell	CD4+ CD8+ T Cell	0	0	183909	2582502	0	0	1	1
dataset_name-FR-FCM-Z238_infection_final_seed-42	cygate	num-3	run0	16	Debris	Debris	0	0	3325	2763086	0	0	1	1
dataset_name-FR-FCM-Z238_infection_final_seed-42	cygate	num-3	run0	17	Dendritic Cell (Type 1, CD141+)	Dendritic Cell (Type 1, CD141+)	0	0	7490	2758921	0	0	1	1
dataset_name-FR-FCM-Z238_infection_final_seed-42	cygate	num-3	run0	18	Dendritic Cell (Type 2, CD1c+)	Dendritic Cell (Type 2, CD1c+)	0	0	454	2765957	0	0	1	1
dataset_name-FR-FCM-Z238_infection_final_seed-42	cygate	num-4	run0	4	Basophil	Basophil	0	0	177	2716870	0	0	1	1
dataset_name-FR-FCM-Z238_infection_final_seed-42	cygate	num-4	run0	5	CD4+ CD8+ T Cell	CD4+ CD8+ T Cell	0	0	186864	2530183	0	0	1	1
dataset_name-FR-FCM-Z238_infection_final_seed-42	cygate	num-4	run0	16	Debris	Debris	0	0	3376	2713671	0	0	1	1
dataset_name-FR-FCM-Z238_infection_final_seed-42	cygate	num-4	run0	18	Dendritic Cell (Type 2, CD1c+)	Dendritic Cell (Type 2, CD1c+)	0	0	237	2716810	0	0	1	1
dataset_name-FR-FCM-Z238_infection_final_seed-42	cygate	num-4	run0	10	CD4+ T Cell (Treg)	CD4+ T Cell (Treg)	2710	3110	49455	2661772	0.05195054155084827	0.001167031035520522	0.9480494584491518	0.9988329689644795
dataset_name-FR-FCM-Z238_infection_final_seed-42	cygate	num-5	run0	4	Basophil	Basophil	0	0	1309	2660094	0	0	1	1
dataset_name-FR-FCM-Z238_infection_final_seed-42	cygate	num-5	run0	16	Debris	Debris	0	0	3349	2658054	0	0	1	1
dataset_name-FR-FCM-Z238_infection_final_seed-42	cygate	num-5	run0	18	Dendritic Cell (Type 2, CD1c+)	Dendritic Cell (Type 2, CD1c+)	0	0	183	2661220	0	0	1	1
dataset_name-FR-FCM-Z238_infection_final_seed-42	cygate	num-5	run0	25	Ungated	Ungated	56319	70164	271368	2263552	0.17186827673969368	0.03006535499606636	0.8281317232603064	0.9699346450039337
dataset_name-FR-FCM-Z238_infection_final_seed-42	cygate	num-5	run0	7	CD4+ T Cell (EMRA)	CD4+ T Cell (EMRA)	1512	11057	5326	2643508	0.22111728575606904	0.0041652775501824215	0.778882714243931	0.9958347224498176
dataset_name-FR-FCM-Z238_infection_final_seed-42	dgcytof	num-1	run0	16	Debris	Debris	0	0	3465	2825436	0	0	1	1
dataset_name-FR-FCM-Z238_infection_final_seed-42	dgcytof	num-1	run0	18	Dendritic Cell (Type 2, CD1c+)	Dendritic Cell (Type 2, CD1c+)	0	0	461	2828440	0	0	1	1
dataset_name-FR-FCM-Z238_infection_final_seed-42	dgcytof	num-1	run0	17	Dendritic Cell (Type 1, CD141+)	Dendritic Cell (Type 1, CD141+)	544	1158	6804	2820395	0.07403375068045727	4.104122800457762e-4	0.9259662493195427	0.9995895877199542
dataset_name-FR-FCM-Z238_infection_final_seed-42	dgcytof	num-1	run0	7	CD4+ T Cell (EMRA)	CD4+ T Cell (EMRA)	1341	1082	6203	2820275	0.17775715800636266	3.8350339925078607e-4	0.8222428419936373	0.9996164966007492
dataset_name-FR-FCM-Z238_infection_final_seed-42	dgcytof	num-1	run0	13	CD8+ T Cell (EMRA)	CD8+ T Cell (EMRA)	11562	4293	29191	2783855	0.28370917478467844	0.0015397317502514214	0.7162908252153216	0.9984602682497485
dataset_name-FR-FCM-Z238_infection_final_seed-42	dgcytof	num-2	run0	16	Debris	Debris	0	0	3465	2764704	0	0	1	1
dataset_name-FR-FCM-Z238_infection_final_seed-42	dgcytof	num-2	run0	21	Monocyte (CD14- CD16+)	Monocyte (CD14- CD16+)	85	57	27334	2740693	0.003100040118166235	2.0797227036395148e-5	0.9968999598818338	0.9999792027729636
dataset_name-FR-FCM-Z238_infection_final_seed-42	dgcytof	num-2	run0	18	Dendritic Cell (Type 2, CD1c+)	Dendritic Cell (Type 2, CD1c+)	2	23	404	2767740	0.0049261083743842365	8.309960065222347e-6	0.9950738916256158	0.9999916900399348
dataset_name-FR-FCM-Z238_infection_final_seed-42	dgcytof	num-2	run0	17	Dendritic Cell (Type 1, CD141+)	Dendritic Cell (Type 1, CD141+)	217	155	7246	2760551	0.029076778775291436	5.614505854661815e-5	0.9709232212247085	0.9999438549414534
dataset_name-FR-FCM-Z238_infection_final_seed-42	dgcytof	num-2	run0	13	CD8+ T Cell (EMRA)	CD8+ T Cell (EMRA)	11294	1997	29282	2725596	0.27834187697160884	7.321473548289645e-4	0.7216581230283912	0.999267852645171
dataset_name-FR-FCM-Z238_infection_final_seed-42	dgcytof	num-3	run0	4	Basophil	Basophil	0	0	2334	2828530	0	0	1	1
dataset_name-FR-FCM-Z238_infection_final_seed-42	dgcytof	num-3	run0	5	CD4+ CD8+ T Cell	CD4+ CD8+ T Cell	0	0	188644	2642220	0	0	1	1
dataset_name-FR-FCM-Z238_infection_final_seed-42	dgcytof	num-3	run0	16	Debris	Debris	0	0	3465	2827399	0	0	1	1
dataset_name-FR-FCM-Z238_infection_final_seed-42	dgcytof	num-3	run0	17	Dendritic Cell (Type 1, CD141+)	Dendritic Cell (Type 1, CD141+)	0	0	7514	2823350	0	0	1	1
dataset_name-FR-FCM-Z238_infection_final_seed-42	dgcytof	num-3	run0	18	Dendritic Cell (Type 2, CD1c+)	Dendritic Cell (Type 2, CD1c+)	0	0	461	2830403	0	0	1	1
dataset_name-FR-FCM-Z238_infection_final_seed-42	dgcytof	num-4	run0	4	Basophil	Basophil	0	0	2334	2815053	0	0	1	1
dataset_name-FR-FCM-Z238_infection_final_seed-42	dgcytof	num-4	run0	5	CD4+ CD8+ T Cell	CD4+ CD8+ T Cell	0	0	188644	2628743	0	0	1	1
dataset_name-FR-FCM-Z238_infection_final_seed-42	dgcytof	num-4	run0	16	Debris	Debris	0	0	3465	2813922	0	0	1	1
dataset_name-FR-FCM-Z238_infection_final_seed-42	dgcytof	num-4	run0	18	Dendritic Cell (Type 2, CD1c+)	Dendritic Cell (Type 2, CD1c+)	0	0	461	2816926	0	0	1	1
dataset_name-FR-FCM-Z238_infection_final_seed-42	dgcytof	num-4	run0	14	CD8+ T Cell (Effector Memory)	CD8+ T Cell (Effector Memory)	1785	1803	5511	2808288	0.24465460526315788	6.416162323568881e-4	0.7553453947368421	0.9993583837676431
dataset_name-FR-FCM-Z238_infection_final_seed-42	dgcytof	num-5	run0	4	Basophil	Basophil	0	0	2334	2797724	0	0	1	1
dataset_name-FR-FCM-Z238_infection_final_seed-42	dgcytof	num-5	run0	16	Debris	Debris	0	0	3465	2796593	0	0	1	1
dataset_name-FR-FCM-Z238_infection_final_seed-42	dgcytof	num-5	run0	18	Dendritic Cell (Type 2, CD1c+)	Dendritic Cell (Type 2, CD1c+)	0	0	461	2799597	0	0	1	1
dataset_name-FR-FCM-Z238_infection_final_seed-42	dgcytof	num-5	run0	17	Dendritic Cell (Type 1, CD141+)	Dendritic Cell (Type 1, CD141+)	67	104	7413	2792474	0.008957219251336898	3.7241573914855735e-5	0.9910427807486631	0.9999627584260852
dataset_name-FR-FCM-Z238_infection_final_seed-42	dgcytof	num-5	run0	7	CD4+ T Cell (EMRA)	CD4+ T Cell (EMRA)	1068	478	6418	2792094	0.14266631044616618	1.711683709497911e-4	0.8573336895538338	0.9998288316290502
dataset_name-FR-FCM-Z238_infection_final_seed-42	random	num-1	run0	16	Debris	Debris	0	0	3465	2825436	0	0	1	1
dataset_name-FR-FCM-Z238_infection_final_seed-42	random	num-1	run0	18	Dendritic Cell (Type 2, CD1c+)	Dendritic Cell (Type 2, CD1c+)	0	0	461	2828440	0	0	1	1
dataset_name-FR-FCM-Z238_infection_final_seed-42	random	num-1	run0	7	CD4+ T Cell (EMRA)	CD4+ T Cell (EMRA)	304	122970	7240	2698387	0.04029692470837752	0.043585409432411425	0.9597030752916225	0.9564145905675886
dataset_name-FR-FCM-Z238_infection_final_seed-42	random	num-1	run0	2	B Cell (Memory)	B Cell (Memory)	1601	118815	37600	2670885	0.04084079487768169	0.042590601139907515	0.9591592051223183	0.9574093988600925
dataset_name-FR-FCM-Z238_infection_final_seed-42	random	num-1	run0	10	CD4+ T Cell (Treg)	CD4+ T Cell (Treg)	2247	120239	51751	2654664	0.041612652320456314	0.04333088399846769	0.9583873476795437	0.9566691160015323
dataset_name-FR-FCM-Z238_infection_final_seed-42	random	num-2	run0	16	Debris	Debris	0	0	3465	2764704	0	0	1	1
dataset_name-FR-FCM-Z238_infection_final_seed-42	random	num-2	run0	18	Dendritic Cell (Type 2, CD1c+)	Dendritic Cell (Type 2, CD1c+)	14	115855	392	2651908	0.034482758620689655	0.04185871405897109	0.9655172413793104	0.9581412859410289
dataset_name-FR-FCM-Z238_infection_final_seed-42	random	num-2	run0	3	B Cell (Plasmablast)	B Cell (Plasmablast)	542	112415	14326	2640886	0.036454129674468656	0.04082917196485237	0.9635458703255313	0.9591708280351476
dataset_name-FR-FCM-Z238_infection_final_seed-42	random	num-2	run0	4	Basophil	Basophil	82	115612	2067	2650408	0.03815728245695672	0.041797239354740744	0.9618427175430433	0.9582027606452592
dataset_name-FR-FCM-Z238_infection_final_seed-42	random	num-2	run0	2	B Cell (Memory)	B Cell (Memory)	1560	110578	37158	2618873	0.04029133736246707	0.04051290900624338	0.959708662637533	0.9594870909937566
dataset_name-FR-FCM-Z238_infection_final_seed-42	random	num-3	run0	4	Basophil	Basophil	0	0	2334	2828530	0	0	1	1
dataset_name-FR-FCM-Z238_infection_final_seed-42	random	num-3	run0	5	CD4+ CD8+ T Cell	CD4+ CD8+ T Cell	0	0	188644	2642220	0	0	1	1
dataset_name-FR-FCM-Z238_infection_final_seed-42	random	num-3	run0	16	Debris	Debris	0	0	3465	2827399	0	0	1	1
dataset_name-FR-FCM-Z238_infection_final_seed-42	random	num-3	run0	17	Dendritic Cell (Type 1, CD141+)	Dendritic Cell (Type 1, CD141+)	0	0	7514	2823350	0	0	1	1
dataset_name-FR-FCM-Z238_infection_final_seed-42	random	num-3	run0	18	Dendritic Cell (Type 2, CD1c+)	Dendritic Cell (Type 2, CD1c+)	0	0	461	2830403	0	0	1	1
dataset_name-FR-FCM-Z238_infection_final_seed-42	random	num-4	run0	4	Basophil	Basophil	0	0	2334	2815053	0	0	1	1
dataset_name-FR-FCM-Z238_infection_final_seed-42	random	num-4	run0	5	CD4+ CD8+ T Cell	CD4+ CD8+ T Cell	0	0	188644	2628743	0	0	1	1
dataset_name-FR-FCM-Z238_infection_final_seed-42	random	num-4	run0	16	Debris	Debris	0	0	3465	2813922	0	0	1	1
dataset_name-FR-FCM-Z238_infection_final_seed-42	random	num-4	run0	18	Dendritic Cell (Type 2, CD1c+)	Dendritic Cell (Type 2, CD1c+)	0	0	461	2816926	0	0	1	1
dataset_name-FR-FCM-Z238_infection_final_seed-42	random	num-4	run0	17	Dendritic Cell (Type 1, CD141+)	Dendritic Cell (Type 1, CD141+)	308	130430	7083	2679566	0.04167230415370045	0.04641643617998033	0.9583276958462995	0.9535835638200196
dataset_name-FR-FCM-Z238_infection_final_seed-42	random	num-5	run0	4	Basophil	Basophil	0	0	2334	2797724	0	0	1	1
dataset_name-FR-FCM-Z238_infection_final_seed-42	random	num-5	run0	16	Debris	Debris	0	0	3465	2796593	0	0	1	1
dataset_name-FR-FCM-Z238_infection_final_seed-42	random	num-5	run0	18	Dendritic Cell (Type 2, CD1c+)	Dendritic Cell (Type 2, CD1c+)	0	0	461	2799597	0	0	1	1
dataset_name-FR-FCM-Z238_infection_final_seed-42	random	num-5	run0	7	CD4+ T Cell (EMRA)	CD4+ T Cell (EMRA)	312	123590	7174	2668982	0.04167779855730697	0.044256692396829875	0.958322201442693	0.9557433076031702
dataset_name-FR-FCM-Z238_infection_final_seed-42	random	num-5	run0	19	Monocyte (CD14+ CD16+)	Monocyte (CD14+ CD16+)	4307	120579	94433	2580739	0.04361960704881507	0.04463709937149199	0.9563803929511849	0.955362900628508
dataset_name-FR-FCM-Z2KP_healthy_final_seed-42	cygate	num-1	run0	3	CD3+	CD3+	54436	35718	21784	1403073	0.7141957491472054	0.02482500933075061	0.28580425085279454	0.9751749906692494
dataset_name-FR-FCM-Z2KP_healthy_final_seed-42	cygate	num-1	run0	5	CD8	CD8	171161	10811	27365	1305674	0.8621591126603064	0.008212019126689632	0.13784088733969355	0.9917879808733103
dataset_name-FR-FCM-Z2KP_healthy_final_seed-42	cygate	num-1	run0	6	Ungated	Ungated	168639	1137	21042	1324193	0.8890663798693597	8.578995420008602e-4	0.11093362013064038	0.9991421004579991
dataset_name-FR-FCM-Z2KP_healthy_final_seed-42	cygate	num-1	run0	4	CD4	CD4	664528	23122	9811	817550	0.985450937881392	0.027504187126489284	0.014549062118608	0.9724958128735107
dataset_name-FR-FCM-Z2KP_healthy_final_seed-42	cygate	num-1	run0	1	CD14 monocytes	CD14 monocytes	199582	7665	1681	1306083	0.9916477444935234	0.0058344522693849965	0.0083522555064766	0.994165547730615
dataset_name-FR-FCM-Z2KP_healthy_final_seed-42	cygate	num-2	run0	3	CD3+	CD3+	15575	30900	34123	1169810	0.31339289307416796	0.02573477359229123	0.686607106925832	0.9742652264077087
dataset_name-FR-FCM-Z2KP_healthy_final_seed-42	cygate	num-2	run0	6	Ungated	Ungated	117724	0	27167	1105517	0.8125004313587455	0	0.18749956864125447	1
dataset_name-FR-FCM-Z2KP_healthy_final_seed-42	cygate	num-2	run0	5	CD8	CD8	154235	12835	30910	1052428	0.8330497718004807	0.012048667793774871	0.1669502281995193	0.9879513322062251
dataset_name-FR-FCM-Z2KP_healthy_final_seed-42	cygate	num-2	run0	1	CD14 monocytes	CD14 monocytes	164628	18436	2015	1065329	0.9879082829761826	0.01701106789756082	0.012091717023817382	0.9829889321024392
dataset_name-FR-FCM-Z2KP_healthy_final_seed-42	cygate	num-2	run0	2	CD19	CD19	128397	2573	349	1119089	0.9972892361704442	0.002293917418972917	0.00271076382955587	0.9977060825810271
dataset_name-FR-FCM-Z2KP_healthy_final_seed-42	cygate	num-3	run0	5	CD8	CD8	85896	316	84704	1137177	0.503493552168816	2.7780390736470466e-4	0.4965064478311841	0.9997221960926352
dataset_name-FR-FCM-Z2KP_healthy_final_seed-42	cygate	num-3	run0	3	CD3+	CD3+	35716	85394	19894	1167089	0.6422585865851466	0.06817976770942201	0.35774141341485344	0.931820232290578
dataset_name-FR-FCM-Z2KP_healthy_final_seed-42	cygate	num-3	run0	6	Ungated	Ungated	96958	0	38573	1172562	0.715393526204337	0	0.284606473795663	1
dataset_name-FR-FCM-Z2KP_healthy_final_seed-42	cygate	num-3	run0	1	CD14 monocytes	CD14 monocytes	148955	25474	3405	1130259	0.9776516145970071	0.022041423062247077	0.022348385402992912	0.9779585769377529
dataset_name-FR-FCM-Z2KP_healthy_final_seed-42	cygate	num-3	run0	4	CD4	CD4	632867	31659	1798	641769	0.9971670093671464	0.04701170726491919	0.0028329906328535526	0.9529882927350808
dataset_name-FR-FCM-Z2KP_healthy_final_seed-42	cygate	num-4	run0	6	Ungated	Ungated	85876	1102	44732	1260430	0.6575094940585569	8.735410596005491e-4	0.3424905059414431	0.9991264589403994
dataset_name-FR-FCM-Z2KP_healthy_final_seed-42	cygate	num-4	run0	3	CD3+	CD3+	51660	19460	11337	1309683	0.8200390494785466	0.014641013043743224	0.1799609505214534	0.9853589869562568
dataset_name-FR-FCM-Z2KP_healthy_final_seed-42	cygate	num-4	run0	5	CD8	CD8	173380	8381	7191	1203188	0.9601763295324277	0.006917476429324289	0.03982367046757231	0.9930825235706757
dataset_name-FR-FCM-Z2KP_healthy_final_seed-42	cygate	num-4	run0	4	CD4	CD4	657296	7303	10635	716906	0.9840776966483065	0.010084105555164324	0.015922303351693513	0.9899158944448356
dataset_name-FR-FCM-Z2KP_healthy_final_seed-42	cygate	num-4	run0	1	CD14 monocytes	CD14 monocytes	174277	23242	2651	1191970	0.9850165038885874	0.01912588091625165	0.014983496111412552	0.9808741190837483
dataset_name-FR-FCM-Z2KP_healthy_final_seed-42	cygate	num-5	run0	3	CD3+	CD3+	48303	15514	11666	1312758	0.805466157514716	0.011679836659961213	0.19453384248528408	0.9883201633400388
dataset_name-FR-FCM-Z2KP_healthy_final_seed-42	cygate	num-5	run0	6	Ungated	Ungated	158874	987	32796	1195584	0.8288934105493817	8.248570289602539e-4	0.17110658945061824	0.9991751429710397
dataset_name-FR-FCM-Z2KP_healthy_final_seed-42	cygate	num-5	run0	4	CD4	CD4	572503	16187	13009	786542	0.9777818388009127	0.02016496227244811	0.022218161199087295	0.9798350377275519
dataset_name-FR-FCM-Z2KP_healthy_final_seed-42	cygate	num-5	run0	5	CD8	CD8	180303	11446	4070	1192422	0.9779251842731853	0.009507686889260285	0.022074815726814665	0.9904923131107397
dataset_name-FR-FCM-Z2KP_healthy_final_seed-42	cygate	num-5	run0	1	CD14 monocytes	CD14 monocytes	202449	15718	2185	1167889	0.9893223999921812	0.013279745726410878	0.010677600007818838	0.9867202542735891
dataset_name-FR-FCM-Z2KP_healthy_final_seed-42	dgcytof	num-1	run0	3	CD3+	CD3+	26143	23351	58554	1428909	0.30866500584436285	0.016079076749342405	0.6913349941556372	0.9839209232506576
dataset_name-FR-FCM-Z2KP_healthy_final_seed-42	dgcytof	num-1	run0	4	CD4	CD4	660154	7369	26246	843188	0.9617628205128205	0.008663734470470526	0.03823717948717949	0.9913362655295295
dataset_name-FR-FCM-Z2KP_healthy_final_seed-42	dgcytof	num-1	run0	6	Ungated	Ungated	185021	8863	5237	1337836	0.9724742192181144	0.006581277627740126	0.02752578078188565	0.9934187223722599
dataset_name-FR-FCM-Z2KP_healthy_final_seed-42	dgcytof	num-1	run0	1	CD14 monocytes	CD14 monocytes	195892	1088	5371	1334606	0.9733135250890625	8.145578253701821e-4	0.02668647491093743	0.9991854421746298
dataset_name-FR-FCM-Z2KP_healthy_final_seed-42	dgcytof	num-1	run0	5	CD8	CD8	195280	54309	4076	1283292	0.9795541644093982	0.04060179380846755	0.020445835590601737	0.9593982061915325
dataset_name-FR-FCM-Z2KP_healthy_final_seed-42	dgcytof	num-2	run0	3	CD3+	CD3+	27470	6742	44374	1278058	0.38235621624631144	0.005247509339975093	0.6176437837536886	0.9947524906600249
dataset_name-FR-FCM-Z2KP_healthy_final_seed-42	dgcytof	num-2	run0	1	CD14 monocytes	CD14 monocytes	148895	819	17916	1189014	0.892597010988484	6.883318919545852e-4	0.10740298901151603	0.9993116681080454
dataset_name-FR-FCM-Z2KP_healthy_final_seed-42	dgcytof	num-2	run0	6	Ungated	Ungated	174372	22297	7779	1152196	0.9572936739298714	0.018984361762905355	0.04270632607012863	0.9810156382370946
dataset_name-FR-FCM-Z2KP_healthy_final_seed-42	dgcytof	num-2	run0	5	CD8	CD8	196062	25036	5490	1130056	0.9727613717551798	0.021674464025376334	0.027238628244820196	0.9783255359746237
dataset_name-FR-FCM-Z2KP_healthy_final_seed-42	dgcytof	num-2	run0	2	CD19	CD19	125431	5780	3431	1222002	0.9733746178081979	0.004707676118398869	0.026625382191802084	0.9952923238816012
dataset_name-FR-FCM-Z2KP_healthy_final_seed-42	dgcytof	num-3	run0	3	CD3+	CD3+	19007	13874	54597	1320988	0.258233248193033	0.01039358375622349	0.741766751806967	0.9896064162437765
dataset_name-FR-FCM-Z2KP_healthy_final_seed-42	dgcytof	num-3	run0	1	CD14 monocytes	CD14 monocytes	132597	2012	21697	1252160	0.8593788481729685	0.0016042456696529663	0.1406211518270315	0.998395754330347
dataset_name-FR-FCM-Z2KP_healthy_final_seed-42	dgcytof	num-3	run0	6	Ungated	Ungated	157629	13541	19604	1217692	0.8893885450226537	0.01099791834689291	0.1106114549773462	0.9890020816531071
dataset_name-FR-FCM-Z2KP_healthy_final_seed-42	dgcytof	num-3	run0	2	CD19	CD19	147441	2391	11998	1246636	0.9247486499539008	0.0019142900834009193	0.07525135004609913	0.9980857099165991
dataset_name-FR-FCM-Z2KP_healthy_final_seed-42	dgcytof	num-3	run0	5	CD8	CD8	179786	45909	2869	1179902	0.9842927924228737	0.037451939980959546	0.015707207577126275	0.9625480600190405
dataset_name-FR-FCM-Z2KP_healthy_final_seed-42	dgcytof	num-4	run0	3	CD3+	CD3+	4014	6295	61402	1350200	0.061361134890546655	0.004640636345876689	0.9386388651094534	0.9953593636541234
dataset_name-FR-FCM-Z2KP_healthy_final_seed-42	dgcytof	num-4	run0	6	Ungated	Ungated	139625	14534	15912	1251840	0.8976963680667622	0.011476862285549136	0.10230363193323776	0.9885231377144509
dataset_name-FR-FCM-Z2KP_healthy_final_seed-42	dgcytof	num-4	run0	1	CD14 monocytes	CD14 monocytes	163616	793	13417	1244085	0.9242118701033141	6.370102130489895e-4	0.07578812989668593	0.999362989786951
dataset_name-FR-FCM-Z2KP_healthy_final_seed-42	dgcytof	num-4	run0	4	CD4	CD4	656307	25076	13656	726872	0.9796167848075192	0.03334805066307776	0.020383215192480778	0.9666519493369222
dataset_name-FR-FCM-Z2KP_healthy_final_seed-42	dgcytof	num-4	run0	2	CD19	CD19	170971	2686	2142	1246112	0.9876265791708306	0.002150868274933176	0.012373420829169387	0.9978491317250668
dataset_name-FR-FCM-Z2KP_healthy_final_seed-42	dgcytof	num-5	run0	3	CD3+	CD3+	55307	22831	11546	1315087	0.8272927168563864	0.017064573464143543	0.1727072831436136	0.9829354265358564
dataset_name-FR-FCM-Z2KP_healthy_final_seed-42	dgcytof	num-5	run0	5	CD8	CD8	174074	9746	10307	1210644	0.9440994462553083	0.007985971697572088	0.055900553744691696	0.9920140283024279
dataset_name-FR-FCM-Z2KP_healthy_final_seed-42	dgcytof	num-5	run0	1	CD14 monocytes	CD14 monocytes	195991	634	8657	1199489	0.9576980962433056	5.282791847168999e-4	0.042301903756694424	0.9994717208152831
dataset_name-FR-FCM-Z2KP_healthy_final_seed-42	dgcytof	num-5	run0	4	CD4	CD4	580263	5246	14476	804786	0.9756599113224457	0.006476287356548877	0.024340088677554356	0.9935237126434511
dataset_name-FR-FCM-Z2KP_healthy_final_seed-42	dgcytof	num-5	run0	6	Ungated	Ungated	187800	13059	4261	1199651	0.9778143402356543	0.010768444228216144	0.0221856597643457	0.9892315557717839
dataset_name-FR-FCM-Z2KP_healthy_final_seed-42	random	num-1	run0	3	CD3+	CD3+	13955	240986	70742	1211274	0.16476380509345076	0.16593860603473207	0.8352361949065492	0.8340613939652679
dataset_name-FR-FCM-Z2KP_healthy_final_seed-42	random	num-1	run0	6	Ungated	Ungated	31380	222641	158878	1124058	0.16493393181889854	0.16532350584651803	0.8350660681811014	0.834676494153482
dataset_name-FR-FCM-Z2KP_healthy_final_seed-42	random	num-1	run0	2	CD19	CD19	29123	227784	145860	1134190	0.16643331066446454	0.16724548339395612	0.8335666893355355	0.8327545166060438
dataset_name-FR-FCM-Z2KP_healthy_final_seed-42	random	num-1	run0	1	CD14 monocytes	CD14 monocytes	33548	223579	167715	1112115	0.1666873692631035	0.16738788974121319	0.8333126307368965	0.8326121102587868
dataset_name-FR-FCM-Z2KP_healthy_final_seed-42	random	num-1	run0	4	CD4	CD4	114467	142400	571933	708157	0.16676427738927738	0.16741970261840183	0.8332357226107227	0.8325802973815982
dataset_name-FR-FCM-Z2KP_healthy_final_seed-42	random	num-2	run0	1	CD14 monocytes	CD14 monocytes	27478	196639	139333	993194	0.16472534784876297	0.16526604994146238	0.835274652151237	0.8347339500585377
dataset_name-FR-FCM-Z2KP_healthy_final_seed-42	random	num-2	run0	5	CD8	CD8	33377	193426	168175	961666	0.16559994443121379	0.16745505985670406	0.8344000555687863	0.8325449401432959
dataset_name-FR-FCM-Z2KP_healthy_final_seed-42	random	num-2	run0	6	Ungated	Ungated	30323	196486	151828	978007	0.16647177341875696	0.1672943133760695	0.833528226581243	0.8327056866239305
dataset_name-FR-FCM-Z2KP_healthy_final_seed-42	random	num-2	run0	4	CD4	CD4	100992	125649	504432	625571	0.1668120193451201	0.1672599238571923	0.8331879806548799	0.8327400761428077
dataset_name-FR-FCM-Z2KP_healthy_final_seed-42	random	num-2	run0	2	CD19	CD19	21589	203466	107273	1024316	0.16753581350592106	0.1657183441360111	0.8324641864940789	0.8342816558639888
dataset_name-FR-FCM-Z2KP_healthy_final_seed-42	random	num-3	run0	3	CD3+	CD3+	12071	221685	61533	1113177	0.16399923917178413	0.16607334690777023	0.8360007608282158	0.8339266530922298
dataset_name-FR-FCM-Z2KP_healthy_final_seed-42	random	num-3	run0	1	CD14 monocytes	CD14 monocytes	25606	207196	128688	1046976	0.16595590236820615	0.16520541042217496	0.8340440976317939	0.834794589577825
dataset_name-FR-FCM-Z2KP_healthy_final_seed-42	random	num-3	run0	5	CD8	CD8	30547	204685	152108	1021126	0.1672387834989461	0.1669792488401556	0.832761216501054	0.8330207511598444
dataset_name-FR-FCM-Z2KP_healthy_final_seed-42	random	num-3	run0	4	CD4	CD4	110653	124806	550588	622419	0.1673414080494101	0.1670259961858878	0.8326585919505899	0.8329740038141122
dataset_name-FR-FCM-Z2KP_healthy_final_seed-42	random	num-3	run0	2	CD19	CD19	26700	209026	132739	1040001	0.16746216421327279	0.16735106606982875	0.8325378357867272	0.8326489339301713
dataset_name-FR-FCM-Z2KP_healthy_final_seed-42	random	num-4	run0	3	CD3+	CD3+	10647	224398	54769	1132097	0.162758346581876	0.16542486334265885	0.837241653418124	0.8345751366573412
dataset_name-FR-FCM-Z2KP_healthy_final_seed-42	random	num-4	run0	4	CD4	CD4	111009	124968	558954	626980	0.16569422490495744	0.16619234308755393	0.8343057750950426	0.8338076569124461
dataset_name-FR-FCM-Z2KP_healthy_final_seed-42	random	num-4	run0	1	CD14 monocytes	CD14 monocytes	29514	208186	147519	1036692	0.1667146803138398	0.16723405827719665	0.8332853196861602	0.8327659417228034
dataset_name-FR-FCM-Z2KP_healthy_final_seed-42	random	num-4	run0	2	CD19	CD19	28876	208845	144237	1039953	0.16680434167278022	0.16723681492122824	0.8331956583272198	0.8327631850787718
dataset_name-FR-FCM-Z2KP_healthy_final_seed-42	random	num-4	run0	6	Ungated	Ungated	26025	211522	129512	1054852	0.167323530735452	0.16702964527067043	0.832676469264548	0.8329703547293296
dataset_name-FR-FCM-Z2KP_healthy_final_seed-42	random	num-5	run0	1	CD14 monocytes	CD14 monocytes	33852	198327	170796	1001796	0.1654157382432274	0.16525556130496624	0.8345842617567726	0.8347444386950338
dataset_name-FR-FCM-Z2KP_healthy_final_seed-42	random	num-5	run0	2	CD19	CD19	26914	206254	135175	1036428	0.1660445804465448	0.16597488335712596	0.8339554195534552	0.834025116642874
dataset_name-FR-FCM-Z2KP_healthy_final_seed-42	random	num-5	run0	6	Ungated	Ungated	31930	202932	160131	1009778	0.16624926455657318	0.1673376157531479	0.8337507354434268	0.8326623842468521
dataset_name-FR-FCM-Z2KP_healthy_final_seed-42	random	num-5	run0	4	CD4	CD4	99091	135520	495648	674512	0.16661258131718285	0.1673020325122958	0.8333874186828172	0.8326979674877042
dataset_name-FR-FCM-Z2KP_healthy_final_seed-42	random	num-5	run0	3	CD3+	CD3+	11163	223695	55690	1114223	0.16697829566362019	0.16719634536645744	0.8330217043363798	0.8328036546335426
dataset_name-FR-FCM-Z2KP_virus_final_seed-42	cygate	num-1	run0	3	CD3+	CD3+	120009	46165	20291	3581898	0.8553741981468282	0.012724420717060316	0.14462580185317178	0.9872755792829396
dataset_name-FR-FCM-Z2KP_virus_final_seed-42	cygate	num-1	run0	6	Ungated	Ungated	418742	2795	67999	3278827	0.8602973655393731	8.517129638940744e-4	0.13970263446062692	0.9991482870361059
dataset_name-FR-FCM-Z2KP_virus_final_seed-42	cygate	num-1	run0	5	CD8	CD8	324968	25817	19184	3398394	0.9442571886840698	0.007539547066462902	0.05574281131593017	0.9924604529335371
dataset_name-FR-FCM-Z2KP_virus_final_seed-42	cygate	num-1	run0	1	CD14 monocytes	CD14 monocytes	882758	31537	18302	2835766	0.9796883670343818	0.010998837583610801	0.020311632965618272	0.9890011624163892
dataset_name-FR-FCM-Z2KP_virus_final_seed-42	cygate	num-1	run0	4	CD4	CD4	1458812	38748	27044	2243759	0.981799043783516	0.01697607061007918	0.018200956216483967	0.9830239293899208
dataset_name-FR-FCM-Z2KP_virus_final_seed-42	cygate	num-2	run0	3	CD3+	CD3+	29076	59189	124836	3576222	0.1889131451738656	0.01628124027792181	0.8110868548261344	0.9837187597220782
dataset_name-FR-FCM-Z2KP_virus_final_seed-42	cygate	num-2	run0	6	Ungated	Ungated	319784	0	79449	3390090	0.8009959096567668	0	0.19900409034323316	1
dataset_name-FR-FCM-Z2KP_virus_final_seed-42	cygate	num-2	run0	5	CD8	CD8	329437	88804	24100	3346982	0.9318317460407256	0.02584677858283374	0.06816825395927442	0.9741532214171663
dataset_name-FR-FCM-Z2KP_virus_final_seed-42	cygate	num-2	run0	4	CD4	CD4	1580587	63674	44054	2101008	0.9728838555717848	0.029414944088785328	0.02711614442821522	0.9705850559112147
dataset_name-FR-FCM-Z2KP_virus_final_seed-42	cygate	num-2	run0	2	CD19	CD19	407951	19855	996	3360521	0.9975644765703136	0.005873606959699158	0.0024355234296864875	0.9941263930403008
dataset_name-FR-FCM-Z2KP_virus_final_seed-42	cygate	num-3	run0	3	CD3+	CD3+	18952	30795	132445	3404120	0.12518081600031705	0.00896528735063313	0.874819183999683	0.9910347126493668
dataset_name-FR-FCM-Z2KP_virus_final_seed-42	cygate	num-3	run0	6	Ungated	Ungated	259592	928	75192	3250600	0.775401452877079	2.8540427761962993e-4	0.22459854712292104	0.9997145957223804
dataset_name-FR-FCM-Z2KP_virus_final_seed-42	cygate	num-3	run0	4	CD4	CD4	1443311	44619	29584	2068798	0.9799143862936598	0.021112255650446648	0.020085613706340235	0.9788877443495534
dataset_name-FR-FCM-Z2KP_virus_final_seed-42	cygate	num-3	run0	5	CD8	CD8	319465	105150	6456	3155241	0.9801915188036364	0.032250733117592335	0.019808481196363536	0.9677492668824077
dataset_name-FR-FCM-Z2KP_virus_final_seed-42	cygate	num-3	run0	1	CD14 monocytes	CD14 monocytes	890475	64988	7477	2623372	0.9916732742952853	0.024173845764704133	0.00832672570471473	0.9758261542352958
dataset_name-FR-FCM-Z2KP_virus_final_seed-42	cygate	num-4	run0	3	CD3+	CD3+	62046	16770	68153	3527422	0.47654743892042184	0.0047316849651486146	0.5234525610795782	0.9952683150348514
dataset_name-FR-FCM-Z2KP_virus_final_seed-42	cygate	num-4	run0	6	Ungated	Ungated	252287	272	85046	3336786	0.7478871026552398	8.15089219306347e-5	0.2521128973447602	0.9999184910780694
dataset_name-FR-FCM-Z2KP_virus_final_seed-42	cygate	num-4	run0	5	CD8	CD8	319566	69353	9788	3275684	0.9702812171705825	0.02073310399855069	0.029718782829417586	0.9792668960014493
dataset_name-FR-FCM-Z2KP_virus_final_seed-42	cygate	num-4	run0	4	CD4	CD4	1590394	32359	9893	2041745	0.9938179838991381	0.015601435607857659	0.006182016100861908	0.98439856439214235
dataset_name-FR-FCM-Z2KP_virus_final_seed-42	cygate	num-4	run0	1	CD14 monocytes	CD14 monocytes	885496	53420	5095	2730380	0.994279079846978	0.019189596953804153	0.005720920153021982	0.9808104030461958
dataset_name-FR-FCM-Z2KP_virus_final_seed-42	cygate	num-5	run0	3	CD3+	CD3+	31329	94298	105664	3462749	0.22869051703371704	0.026510192302772496	0.771309482966283	0.9734898076972275
dataset_name-FR-FCM-Z2KP_virus_final_seed-42	cygate	num-5	run0	6	Ungated	Ungated	259773	438	88360	3345469	0.7461889565194911	1.309062086901997e-4	0.25381104348050887	0.9998690937913098
dataset_name-FR-FCM-Z2KP_virus_final_seed-42	cygate	num-5	run0	4	CD4	CD4	1467363	25510	100122	2101045	0.9361257045521967	0.011995927685858113	0.06387429544780333	0.9880040723141419
dataset_name-FR-FCM-Z2KP_virus_final_seed-42	cygate	num-5	run0	5	CD8	CD8	340704	106866	2170	3244300	0.993671144502062	0.03188919916232141	0.006328855497938018	0.9681108008376786
dataset_name-FR-FCM-Z2KP_virus_final_seed-42	cygate	num-5	run0	2	CD19	CD19	416543	21383	2000	3254114	0.9952215184580796	0.0065281696182289285	0.004778481541920424	0.9934718303817711
dataset_name-FR-FCM-Z2KP_virus_final_seed-42	dgcytof	num-1	run0	3	CD3+	CD3+	94276	74896	53836	3581842	0.6365183104677541	0.020481642381816798	0.36348168953224586	0.9795183576181832
dataset_name-FR-FCM-Z2KP_virus_final_seed-42	dgcytof	num-1	run0	1	CD14 monocytes	CD14 monocytes	736137	2491	179261	2886961	0.8041715188366153	8.621011873531729e-4	0.19582848116338467	0.9991378988126468
dataset_name-FR-FCM-Z2KP_virus_final_seed-42	dgcytof	num-1	run0	5	CD8	CD8	287403	19515	57613	3440319	0.8330135414009785	0.005640444021302756	0.1669864585990215	0.9943595559786973
dataset_name-FR-FCM-Z2KP_virus_final_seed-42	dgcytof	num-1	run0	6	Ungated	Ungated	434415	180680	54574	3135181	0.8883942174568344	0.054489618231886076	0.1116057825431656	0.945510381768114
dataset_name-FR-FCM-Z2KP_virus_final_seed-42	dgcytof	num-1	run0	2	CD19	CD19	395652	9708	14636	3384854	0.9643274967827478	0.002859868224530882	0.03567250321725227	0.9971401317754691
dataset_name-FR-FCM-Z2KP_virus_final_seed-42	dgcytof	num-2	run0	3	CD3+	CD3+	927	697	183860	3770953	0.005016586664646322	1.8479975607492741e-4	0.9949834133353537	0.9998152002439251
dataset_name-FR-FCM-Z2KP_virus_final_seed-42	dgcytof	num-2	run0	5	CD8	CD8	260999	72117	103425	3519896	0.716195969529998	0.020077043151013094	0.28380403047000197	0.9799229568489869
dataset_name-FR-FCM-Z2KP_virus_final_seed-42	dgcytof	num-2	run0	6	Ungated	Ungated	440049	30113	25874	3460401	0.9444672188322963	0.008627096181250097	0.055532781167703674	0.9913729038187499
dataset_name-FR-FCM-Z2KP_virus_final_seed-42	dgcytof	num-2	run0	2	CD19	CD19	396087	3101	14080	3543169	0.9656725187545561	8.744399044629991e-4	0.03432748124544393	0.999125560095537
dataset_name-FR-FCM-Z2KP_virus_final_seed-42	dgcytof	num-2	run0	1	CD14 monocytes	CD14 monocytes	838127	6770	12184	3099356	0.9856711250354282	0.002179563868304119	0.014328874964571785	0.9978204361316959
dataset_name-FR-FCM-Z2KP_virus_final_seed-42	dgcytof	num-3	run0	3	CD3+	CD3+	9567	9656	167843	3684095	0.05392593427653458	0.0026141448083533514	0.9460740657234654	0.9973858551916467
dataset_name-FR-FCM-Z2KP_virus_final_seed-42	dgcytof	num-3	run0	6	Ungated	Ungated	408074	16494	73023	3373570	0.8482156405049294	0.004865394871601244	0.15178435949507063	0.9951346051283988
dataset_name-FR-FCM-Z2KP_virus_final_seed-42	dgcytof	num-3	run0	2	CD19	CD19	395798	12508	10533	3452322	0.9740777838757072	0.003609989523295515	0.025922216124292758	0.9963900104767045
dataset_name-FR-FCM-Z2KP_virus_final_seed-42	dgcytof	num-3	run0	5	CD8	CD8	329094	143799	6021	3392247	0.9820330334362831	0.040666608975109486	0.01796696656371693	0.9593333910248905
dataset_name-FR-FCM-Z2KP_virus_final_seed-42	dgcytof	num-3	run0	1	CD14 monocytes	CD14 monocytes	889936	14581	11487	2955157	0.9872568150579695	0.004909860735189434	0.012743184942030545	0.9950901392648106
dataset_name-FR-FCM-Z2KP_virus_final_seed-42	dgcytof	num-4	run0	3	CD3+	CD3+	128992	32241	40723	3705395	0.7600506731874024	0.008626040631029881	0.2399493268125976	0.9913739593689701
dataset_name-FR-FCM-Z2KP_virus_final_seed-42	dgcytof	num-4	run0	6	Ungated	Ungated	436633	29488	46915	3394315	0.9029775740981247	0.008612645061646362	0.0970224259018753	0.9913873549383536
dataset_name-FR-FCM-Z2KP_virus_final_seed-42	dgcytof	num-4	run0	5	CD8	CD8	319997	27472	23757	3536125	0.9308895314672702	0.007709064745536603	0.0691104685327298	0.9922909352544634
dataset_name-FR-FCM-Z2KP_virus_final_seed-42	dgcytof	num-4	run0	2	CD19	CD19	370092	7194	19777	3510288	0.9492727044212287	0.002045213024544262	0.05072729557877133	0.9979547869754557
dataset_name-FR-FCM-Z2KP_virus_final_seed-42	dgcytof	num-4	run0	1	CD14 monocytes	CD14 monocytes	879447	38489	11836	2977579	0.9867202673000607	0.012761317052533298	0.013279732699939302	0.9872386829474668
dataset_name-FR-FCM-Z2KP_virus_final_seed-42	dgcytof	num-5	run0	3	CD3+	CD3+	103642	53177	78943	3743036	0.5676369909904976	0.014007907353986724	0.4323630090095024	0.9859920926460133
dataset_name-FR-FCM-Z2KP_virus_final_seed-42	dgcytof	num-5	run0	5	CD8	CD8	323972	62618	29781	3562427	0.9158141415055138	0.017273716602138733	0.08418585849448626	0.9827262833978613
dataset_name-FR-FCM-Z2KP_virus_final_seed-42	dgcytof	num-5	run0	6	Ungated	Ungated	442620	46308	39299	3450571	0.9184531010398013	0.013242665817147233	0.0815468989601987	0.9867573341828527
dataset_name-FR-FCM-Z2KP_virus_final_seed-42	dgcytof	num-5	run0	1	CD14 monocytes	CD14 monocytes	842353	3168	40678	3092599	0.9539336671079498	0.0010233328283427016	0.04606633289205022	0.9989766671716573
dataset_name-FR-FCM-Z2KP_virus_final_seed-42	dgcytof	num-5	run0	2	CD19	CD19	411318	9357	7976	3550147	0.9809775479734983	0.0026287370375198344	0.019022452026501692	0.9973712629624801
dataset_name-FR-FCM-Z2KP_virus_final_seed-42	random	num-1	run0	4	CD4	CD4	247252	381778	1249795	1926025	0.16515981128181012	0.16542919824612412	0.8348401887181899	0.8345708017538759
dataset_name-FR-FCM-Z2KP_virus_final_seed-42	random	num-1	run0	6	Ungated	Ungated	81173	553023	407816	2762838	0.16600168919955255	0.16678111657877095	0.8339983108004475	0.8332188834212291
dataset_name-FR-FCM-Z2KP_virus_final_seed-42	random	num-1	run0	5	CD8	CD8	57281	575774	287735	2884060	0.16602418438565167	0.16641665467187153	0.8339758156143483	0.8335833453281285
dataset_name-FR-FCM-Z2KP_virus_final_seed-42	random	num-1	run0	2	CD19	CD19	68280	568065	342008	2826497	0.16641968568420232	0.16734559569099047	0.8335803143157977	0.8326544043090095
dataset_name-FR-FCM-Z2KP_virus_final_seed-42	random	num-1	run0	1	CD14 monocytes	CD14 monocytes	152533	484901	762865	2404551	0.16663025263328082	0.16781763462414326	0.8333697473667192	0.8321823653758568
dataset_name-FR-FCM-Z2KP_virus_final_seed-42	random	num-2	run0	4	CD4	CD4	277691	376438	1403134	1899174	0.16521113143843053	0.16542275220907607	0.8347888685615694	0.8345772477909239
dataset_name-FR-FCM-Z2KP_virus_final_seed-42	random	num-2	run0	5	CD8	CD8	60468	597665	303956	2994348	0.1659276008166312	0.16638720405521917	0.8340723991833688	0.8336127959447808
dataset_name-FR-FCM-Z2KP_virus_final_seed-42	random	num-2	run0	6	Ungated	Ungated	77439	582878	388484	2907636	0.16620557474089065	0.1669891597627169	0.8337944252591093	0.8330108402372831
dataset_name-FR-FCM-Z2KP_virus_final_seed-42	random	num-2	run0	1	CD14 monocytes	CD14 monocytes	141798	517864	708513	2588262	0.16676016187018633	0.16672343620316754	0.8332398381298137	0.8332765637968325
dataset_name-FR-FCM-Z2KP_virus_final_seed-42	random	num-2	run0	3	CD3+	CD3+	30832	630751	153955	3140899	0.16685156423341468	0.16723476462556175	0.8331484357665853	0.8327652353744383
dataset_name-FR-FCM-Z2KP_virus_final_seed-42	random	num-3	run0	5	CD8	CD8	55630	588450	279485	2947596	0.16600271548572879	0.1664146903066306	0.8339972845142712	0.8335853096933694
dataset_name-FR-FCM-Z2KP_virus_final_seed-42	random	num-3	run0	6	Ungated	Ungated	79865	560234	401232	2829830	0.16600602373325962	0.16525764705327098	0.8339939762667404	0.834742352946729
dataset_name-FR-FCM-Z2KP_virus_final_seed-42	random	num-3	run0	1	CD14 monocytes	CD14 monocytes	150481	495440	750942	2474298	0.16693716490482272	0.1668295317634081	0.8330628350951773	0.8331704682365919
dataset_name-FR-FCM-Z2KP_virus_final_seed-42	random	num-3	run0	3	CD3+	CD3+	29638	617726	147772	3076025	0.1670593540386675	0.16723542003778816	0.8329406459613325	0.8327645799622119
dataset_name-FR-FCM-Z2KP_virus_final_seed-42	random	num-3	run0	4	CD4	CD4	262337	382968	1307448	1918408	0.1671165159560067	0.1664082705303262	0.8328834840439933	0.8335917294696737
dataset_name-FR-FCM-Z2KP_virus_final_seed-42	random	num-4	run0	6	Ungated	Ungated	80202	565855	403346	2857948	0.16586150702722377	0.165270899055816	0.8341384929727762	0.834729100944184
dataset_name-FR-FCM-Z2KP_virus_final_seed-42	random	num-4	run0	3	CD3+	CD3+	28247	623189	141468	3114447	0.16643785169254338	0.16673346468195405	0.8335621483074566	0.833266535318046
dataset_name-FR-FCM-Z2KP_virus_final_seed-42	random	num-4	run0	4	CD4	CD4	271257	378821	1357925	1899348	0.16649889330964865	0.16628309840051375	0.8335011066903514	0.8337169015994863
dataset_name-FR-FCM-Z2KP_virus_final_seed-42	random	num-4	run0	1	CD14 monocytes	CD14 monocytes	148528	505901	742755	2510167	0.1666451620865651	0.16773527652559558	0.8333548379134349	0.8322647234744044
dataset_name-FR-FCM-Z2KP_virus_final_seed-42	random	num-4	run0	5	CD8	CD8	57532	595888	286222	2967709	0.16736387067495942	0.1672153164344902	0.8326361293250406	0.8327846835655098
dataset_name-FR-FCM-Z2KP_virus_final_seed-42	random	num-5	run0	1	CD14 monocytes	CD14 monocytes	145708	512132	737323	2583635	0.16500892947133228	0.16542976264040543	0.8349910705286677	0.8345702373595946
dataset_name-FR-FCM-Z2KP_virus_final_seed-42	random	num-5	run0	6	Ungated	Ungated	79998	583409	401921	2913470	0.1659988504292215	0.16683705670113264	0.8340011495707785	0.8331629432988673
dataset_name-FR-FCM-Z2KP_virus_final_seed-42	random	num-5	run0	2	CD19	CD19	69751	595589	349543	2963915	0.16635344173777827	0.16732359339952982	0.8336465582622218	0.8326764066004702
dataset_name-FR-FCM-Z2KP_virus_final_seed-42	random	num-5	run0	4	CD4	CD4	276354	387700	1381862	1932882	0.1666574197812589	0.16707015740016945	0.8333425802187411	0.8329298425998306
dataset_name-FR-FCM-Z2KP_virus_final_seed-42	random	num-5	run0	3	CD3+	CD3+	30452	631308	152133	3164905	0.1667825944080839	0.16629941470618217	0.8332174055919161	0.8337005852938179
dataset_name-FR-FCM-Z3YR_seed-42	cygate	num-1	run0	14	/PBMC/CD3-CD19-/CD7low cells/CD11c hi HLADR hi/cDC/cDC1	/PBMC/CD3-CD19-/CD7low cells/CD11c hi HLADR hi/cDC/cDC1	0	0	656	16209191	0	0	1	1
dataset_name-FR-FCM-Z3YR_seed-42	cygate	num-1	run0	9	/PBMC/CD3-CD19-/CD7hi cells/NK cells CD56 hi	/PBMC/CD3-CD19-/CD7hi cells/NK cells CD56 hi	3	296	24419	16185129	1.2284006223896486e-4	1.8288058546500942e-05	0.999877159937761	0.9999817119414535
dataset_name-FR-FCM-Z3YR_seed-42	cygate	num-1	run0	22	/PBMC/T cells/T cells CD4/T cells TEMRA	/PBMC/T cells/T cells CD4/T cells TEMRA	19	5787	5210	16198831	0.003633581946834959	3.571204208578073e-4	0.9963664180531651	0.9996428795791422
dataset_name-FR-FCM-Z3YR_seed-42	cygate	num-1	run0	23	/PBMC/T cells/T cells CD4hiCD8hi	/PBMC/T cells/T cells CD4hiCD8hi	2328	377	42670	16164472	0.05173563269478643	2.3322209814641635e-5	0.9482643673052136	0.9999766777901854
dataset_name-FR-FCM-Z3YR_seed-42	cygate	num-1	run0	18	/PBMC/T cells/NKT cells	/PBMC/T cells/NKT cells	77	51290	620	16157860	0.11047345767575323	0.0031642621605698015	0.8895265423242468	0.9968357378394302
dataset_name-FR-FCM-Z3YR_seed-42	cygate	num-2	run0	9	/PBMC/CD3-CD19-/CD7hi cells/NK cells CD56 hi	/PBMC/CD3-CD19-/CD7hi cells/NK cells CD56 hi	283	455	23934	16263191	0.011686005698476278	2.7976506620963098e-5	0.9883139943015237	0.999972023493379
dataset_name-FR-FCM-Z3YR_seed-42	cygate	num-2	run0	23	/PBMC/T cells/T cells CD4hiCD8hi	/PBMC/T cells/T cells CD4hiCD8hi	1497	74	43195	16243097	0.033495927682806764	4.555760694755969e-6	0.9665040723171933	0.9999954442393052
dataset_name-FR-FCM-Z3YR_seed-42	cygate	num-2	run0	22	/PBMC/T cells/T cells CD4/T cells TEMRA	/PBMC/T cells/T cells CD4/T cells TEMRA	387	17092	4785	16265599	0.07482598607888631	0.001049703639281738	0.9251740139211136	0.9989502963607183
dataset_name-FR-FCM-Z3YR_seed-42	cygate	num-2	run0	28	/PBMC/T cells/T cells CD8/T cells TEMRA	/PBMC/T cells/T cells CD8/T cells TEMRA	3231	21959	20440	16242233	0.13649613451058257	0.0013501439235345967	0.8635038654894174	0.9986498560764654
dataset_name-FR-FCM-Z3YR_seed-42	cygate	num-2	run0	18	/PBMC/T cells/NKT cells	/PBMC/T cells/NKT cells	243	30907	701	16256012	0.2574152542372881	0.0018976578688701038	0.7425847457627118	0.9981023421311299
dataset_name-FR-FCM-Z3YR_seed-42	cygate	num-3	run0	22	/PBMC/T cells/T cells CD4/T cells TEMRA	/PBMC/T cells/T cells CD4/T cells TEMRA	8	2165	5038	15667418	0.0015854141894569957	1.381657699506107e-4	0.998414585810543	0.9998618342300494
dataset_name-FR-FCM-Z3YR_seed-42	cygate	num-3	run0	23	/PBMC/T cells/T cells CD4hiCD8hi	/PBMC/T cells/T cells CD4hiCD8hi	1841	219	40710	15631859	0.043265728185001524	1.4009653738933493e-5	0.9567342718149985	0.999985990346261
dataset_name-FR-FCM-Z3YR_seed-42	cygate	num-3	run0	2	/PBMC/B cells/B cells DN	/PBMC/B cells/B cells DN	7370	42	27161	15640056	0.21343140945816802	2.685405168177335e-6	0.7865685905418319	0.9999973145948319
dataset_name-FR-FCM-Z3YR_seed-42	cygate	num-3	run0	18	/PBMC/T cells/NKT cells	/PBMC/T cells/NKT cells	276	29758	654	15643941	0.2967741935483871	0.0018985945819171338	0.7032258064516129	0.9981014054180829
dataset_name-FR-FCM-Z3YR_seed-42	cygate	num-3	run0	28	/PBMC/T cells/T cells CD8/T cells TEMRA	/PBMC/T cells/T cells CD8/T cells TEMRA	7623	10906	16673	15639427	0.3137553506750082	6.968541819525501e-4	0.6862446493249917	0.9993031458180475
dataset_name-FR-FCM-Z3YR_seed-42	cygate	num-4	run0	22	/PBMC/T cells/T cells CD4/T cells TEMRA	/PBMC/T cells/T cells CD4/T cells TEMRA	7	3527	5115	15725843	0.0013666536509176104	2.2423021392465177e-4	0.9986333463490824	0.9997757697860753
dataset_name-FR-FCM-Z3YR_seed-42	cygate	num-4	run0	23	/PBMC/T cells/T cells CD4hiCD8hi	/PBMC/T cells/T cells CD4hiCD8hi	2305	466	40285	15691436	0.054120685606949985	2.9696846182190023e-5	0.9458793143930501	0.9999703031538179
dataset_name-FR-FCM-Z3YR_seed-42	cygate	num-4	run0	18	/PBMC/T cells/NKT cells	/PBMC/T cells/NKT cells	46	10598	667	15723181	0.06451612903225806	6.7358261483144e-4	0.9354838709677419	0.9993264173851686
dataset_name-FR-FCM-Z3YR_seed-42	cygate	num-4	run0	2	/PBMC/B cells/B cells DN	/PBMC/B cells/B cells DN	11429	67	27262	15695734	0.2953916931586157	4.268657585554251e-6	0.7046083068413843	0.9999957313424145
dataset_name-FR-FCM-Z3YR_seed-42	cygate	num-4	run0	9	/PBMC/CD3-CD19-/CD7hi cells/NK cells CD56 hi	/PBMC/CD3-CD19-/CD7hi cells/NK cells CD56 hi	7225	1814	10786	15714667	0.4011437454888679	1.1542023942891542e-4	0.5988562545111321	0.9998845797605711
dataset_name-FR-FCM-Z3YR_seed-42	cygate	num-5	run0	23	/PBMC/T cells/T cells CD4hiCD8hi	/PBMC/T cells/T cells CD4hiCD8hi	953	933	41590	15493321	0.022400865007169216	6.021587099320819e-5	0.9775991349928308	0.9999397841290067
dataset_name-FR-FCM-Z3YR_seed-42	cygate	num-5	run0	18	/PBMC/T cells/NKT cells	/PBMC/T cells/NKT cells	96	16575	725	15519401	0.11693057247259439	0.00106687857911212	0.8830694275274056	0.9989331214208879
dataset_name-FR-FCM-Z3YR_seed-42	cygate	num-5	run0	22	/PBMC/T cells/T cells CD4/T cells TEMRA	/PBMC/T cells/T cells CD4/T cells TEMRA	910	9804	3813	15522270	0.19267414778742326	6.312099723449682e-4	0.8073258522125768	0.999368790027655
dataset_name-FR-FCM-Z3YR_seed-42	cygate	num-5	run0	9	/PBMC/CD3-CD19-/CD7hi cells/NK cells CD56 hi	/PBMC/CD3-CD19-/CD7hi cells/NK cells CD56 hi	5923	1771	9916	15519187	0.3739503756550287	1.1410378148049882e-4	0.6260496243449712	0.9998858962185195
dataset_name-FR-FCM-Z3YR_seed-42	cygate	num-5	run0	2	/PBMC/B cells/B cells DN	/PBMC/B cells/B cells DN	18849	2601	19107	15496240	0.4966013278533038	1.6781900014330105e-4	0.5033986721466962	0.9998321809998567
dataset_name-FR-FCM-Z3YR_seed-42	dgcytof	num-1	run0	14	/PBMC/CD3-CD19-/CD7low cells/CD11c hi HLADR hi/cDC/cDC1	/PBMC/CD3-CD19-/CD7low cells/CD11c hi HLADR hi/cDC/cDC1	0	0	2978	16662750	0	0	1	1
dataset_name-FR-FCM-Z3YR_seed-42	dgcytof	num-1	run0	18	/PBMC/T cells/NKT cells	/PBMC/T cells/NKT cells	3	246	1284	16664195	0.002331002331002331	1.4761971313649225e-5	0.9976689976689976	0.9999852380286863
dataset_name-FR-FCM-Z3YR_seed-42	dgcytof	num-1	run0	22	/PBMC/T cells/T cells CD4/T cells TEMRA	/PBMC/T cells/T cells CD4/T cells TEMRA	1837	390	3436	16660065	0.34837853214488906	2.3408724431595654e-5	0.651621467855111	0.9999765912755684
dataset_name-FR-FCM-Z3YR_seed-42	dgcytof	num-1	run0	6	/PBMC/B cells/B cells SWME/B cells PB	/PBMC/B cells/B cells SWME/B cells PB	4327	2062	3232	16656107	0.572430215636989	1.2378311205751364e-4	0.42756978436301096	0.9998762168879425
dataset_name-FR-FCM-Z3YR_seed-42	dgcytof	num-1	run0	9	/PBMC/CD3-CD19-/CD7hi cells/NK cells CD56 hi	/PBMC/CD3-CD19-/CD7hi cells/NK cells CD56 hi	14657	2124	9780	16639167	0.5997872079224127	1.2763432837031695e-4	0.40021279207758725	0.9998723656716297
dataset_name-FR-FCM-Z3YR_seed-42	dgcytof	num-2	run0	18	/PBMC/T cells/NKT cells	/PBMC/T cells/NKT cells	7	250	1284	16670240	0.005422153369481022	1.499655978918436e-5	0.994577846630519	0.9999850034402108
dataset_name-FR-FCM-Z3YR_seed-42	dgcytof	num-2	run0	6	/PBMC/B cells/B cells SWME/B cells PB	/PBMC/B cells/B cells SWME/B cells PB	1050	270	6530	16663931	0.13852242744063326	1.6202396982609608e-5	0.8614775725593667	0.9999837976030174
dataset_name-FR-FCM-Z3YR_seed-42	dgcytof	num-2	run0	12	/PBMC/CD3-CD19-/CD7low cells/CD11c hi HLADR hi/Monocytes CD14mid	/PBMC/CD3-CD19-/CD7low cells/CD11c hi HLADR hi/Monocytes CD14mid	8471	2260	42363	16618687	0.166640437502459	1.3597299840977772e-4	0.8333595624975411	0.9998640270015903
dataset_name-FR-FCM-Z3YR_seed-42	dgcytof	num-2	run0	22	/PBMC/T cells/T cells CD4/T cells TEMRA	/PBMC/T cells/T cells CD4/T cells TEMRA	1368	45	3900	16666468	0.25968109339407747	2.7000248942295246e-6	0.7403189066059226	0.9999972999751058
dataset_name-FR-FCM-Z3YR_seed-42	dgcytof	num-2	run0	23	/PBMC/T cells/T cells CD4hiCD8hi	/PBMC/T cells/T cells CD4hiCD8hi	32260	1455	12754	16625312	0.716665926156307	8.750949598319385e-5	0.2833340738436931	0.9999124905040168
dataset_name-FR-FCM-Z3YR_seed-42	dgcytof	num-3	run0	18	/PBMC/T cells/NKT cells	/PBMC/T cells/NKT cells	1	10	1252	16027123	7.980845969672786e-4	6.239419115071922e-7	0.9992019154030327	0.9999993760580885
dataset_name-FR-FCM-Z3YR_seed-42	dgcytof	num-3	run0	6	/PBMC/B cells/B cells SWME/B cells PB	/PBMC/B cells/B cells SWME/B cells PB	1441	157	6014	16020774	0.1932930918846412	9.79968018088337e-6	0.8067069081153588	0.9999902003198191
dataset_name-FR-FCM-Z3YR_seed-42	dgcytof	num-3	run0	9	/PBMC/CD3-CD19-/CD7hi cells/NK cells CD56 hi	/PBMC/CD3-CD19-/CD7hi cells/NK cells CD56 hi	17687	683	6007	16004009	0.7464759010720013	4.267498556048439e-5	0.25352409892799865	0.9999573250144396
dataset_name-FR-FCM-Z3YR_seed-42	dgcytof	num-3	run0	12	/PBMC/CD3-CD19-/CD7low cells/CD11c hi HLADR hi/Monocytes CD14mid	/PBMC/CD3-CD19-/CD7low cells/CD11c hi HLADR hi/Monocytes CD14mid	40021	5747	9644	15972974	0.8058189872143361	3.5966583307888035e-4	0.19418101278566394	0.9996403341669211
dataset_name-FR-FCM-Z3YR_seed-42	dgcytof	num-3	run0	22	/PBMC/T cells/T cells CD4/T cells TEMRA	/PBMC/T cells/T cells CD4/T cells TEMRA	4284	472	811	16022819	0.8408243375858685	2.9457119639155278e-5	0.1591756624141315	0.9999705428803608
dataset_name-FR-FCM-Z3YR_seed-42	dgcytof	num-4	run0	18	/PBMC/T cells/NKT cells	/PBMC/T cells/NKT cells	0	9	1255	16162692	0	5.56837622622605e-7	1	0.9999994431623774
dataset_name-FR-FCM-Z3YR_seed-42	dgcytof	num-4	run0	6	/PBMC/B cells/B cells SWME/B cells PB	/PBMC/B cells/B cells SWME/B cells PB	4942	1093	2284	16155637	0.6839191807362303	6.764982765695781e-5	0.31608081926376974	0.999932350172343
dataset_name-FR-FCM-Z3YR_seed-42	dgcytof	num-4	run0	9	/PBMC/CD3-CD19-/CD7hi cells/NK cells CD56 hi	/PBMC/CD3-CD19-/CD7hi cells/NK cells CD56 hi	18140	879	5640	16139297	0.7628259041211102	5.446037267499438e-5	0.23717409587888982	0.999945539627325
dataset_name-FR-FCM-Z3YR_seed-42	dgcytof	num-4	run0	12	/PBMC/CD3-CD19-/CD7low cells/CD11c hi HLADR hi/Monocytes CD14mid	/PBMC/CD3-CD19-/CD7low cells/CD11c hi HLADR hi/Monocytes CD14mid	37311	3948	10716	16111981	0.7768755075270161	2.4497501819473145e-4	0.22312449247298394	0.9997550249818052
dataset_name-FR-FCM-Z3YR_seed-42	dgcytof	num-4	run0	28	/PBMC/T cells/T cells CD8/T cells TEMRA	/PBMC/T cells/T cells CD8/T cells TEMRA	24377	1187	4204	16134188	0.8529092753927434	7.356507053601171e-5	0.14709072460725656	0.999926434929464
dataset_name-FR-FCM-Z3YR_seed-42	dgcytof	num-5	run0	18	/PBMC/T cells/NKT cells	/PBMC/T cells/NKT cells	1	24	1243	16113112	8.038585209003215e-4	1.4894679719701988e-6	0.9991961414790996	0.999998510532028
dataset_name-FR-FCM-Z3YR_seed-42	dgcytof	num-5	run0	6	/PBMC/B cells/B cells SWME/B cells PB	/PBMC/B cells/B cells SWME/B cells PB	4499	1389	2856	16105636	0.6116927260367098	8.623566425208876e-5	0.3883072739632903	0.9999137643357479
dataset_name-FR-FCM-Z3YR_seed-42	dgcytof	num-5	run0	9	/PBMC/CD3-CD19-/CD7hi cells/NK cells CD56 hi	/PBMC/CD3-CD19-/CD7hi cells/NK cells CD56 hi	18717	655	4432	16090576	0.8085446455570435	4.07054003512845e-5	0.1914553544429565	0.9999592945996487
dataset_name-FR-FCM-Z3YR_seed-42	dgcytof	num-5	run0	12	/PBMC/CD3-CD19-/CD7low cells/CD11c hi HLADR hi/Monocytes CD14mid	/PBMC/CD3-CD19-/CD7low cells/CD11c hi HLADR hi/Monocytes CD14mid	41827	4884	8253	16059416	0.8352036741214057	3.040281867246005e-4	0.16479632587859425	0.9996959718132754
dataset_name-FR-FCM-Z3YR_seed-42	dgcytof	num-5	run0	22	/PBMC/T cells/T cells CD4/T cells TEMRA	/PBMC/T cells/T cells CD4/T cells TEMRA	4377	1406	673	16107924	0.8667326732673267	8.727861431853467e-5	0.13326732673267327	0.9999127213856814
dataset_name-FR-FCM-Z3YR_seed-42	random	num-1	run0	14	/PBMC/CD3-CD19-/CD7low cells/CD11c hi HLADR hi/cDC/cDC1	/PBMC/CD3-CD19-/CD7low cells/CD11c hi HLADR hi/cDC/cDC1	0	0	2978	16662750	0	0	1	1
dataset_name-FR-FCM-Z3YR_seed-42	random	num-1	run0	22	/PBMC/T cells/T cells CD4/T cells TEMRA	/PBMC/T cells/T cells CD4/T cells TEMRA	169	591189	5104	16069266	0.03205006637587711	0.035484565097411803	0.9679499336241228	0.9645154349025882
dataset_name-FR-FCM-Z3YR_seed-42	random	num-1	run0	18	/PBMC/T cells/NKT cells	/PBMC/T cells/NKT cells	42	592661	1245	16071780	0.03263403263403263	0.03556440927121408	0.9673659673659674	0.9644355907287859
dataset_name-FR-FCM-Z3YR_seed-42	random	num-1	run0	6	/PBMC/B cells/B cells SWME/B cells PB	/PBMC/B cells/B cells SWME/B cells PB	253	598722	7306	16059447	0.03347003571901045	0.035941645207225356	0.9665299642809896	0.9640583547927747
dataset_name-FR-FCM-Z3YR_seed-42	random	num-1	run0	7	/PBMC/B cells/B cells SWME/B cells PC	/PBMC/B cells/B cells SWME/B cells PC	304	593393	8695	16063336	0.033781531281253475	0.0356248216561607	0.9662184687187465	0.9643751783438393
dataset_name-FR-FCM-Z3YR_seed-42	random	num-2	run0	16	/PBMC/CD3-CD19-/CD7low cells/CD11c low HLADR hi/pDC	/PBMC/CD3-CD19-/CD7low cells/CD11c low HLADR hi/pDC	1425	572866	42701	16054789	0.03229388569097584	0.03445260320832974	0.9677061143090242	0.9655473967916702
dataset_name-FR-FCM-Z3YR_seed-42	random	num-2	run0	28	/PBMC/T cells/T cells CD8/T cells TEMRA	/PBMC/T cells/T cells CD8/T cells TEMRA	980	574269	28435	16068097	0.033316335203127656	0.03450645178696347	0.9666836647968724	0.9654935482130366
dataset_name-FR-FCM-Z3YR_seed-42	random	num-2	run0	22	/PBMC/T cells/T cells CD4/T cells TEMRA	/PBMC/T cells/T cells CD4/T cells TEMRA	176	578879	5092	16087634	0.033409263477600606	0.0347330602388154	0.9665907365223994	0.9652669397611846
dataset_name-FR-FCM-Z3YR_seed-42	random	num-2	run0	7	/PBMC/B cells/B cells SWME/B cells PC	/PBMC/B cells/B cells SWME/B cells PC	302	572172	8680	16090627	0.0336228011578713	0.034338288543239344	0.9663771988421287	0.9656617114567606
dataset_name-FR-FCM-Z3YR_seed-42	random	num-2	run0	19	/PBMC/T cells/T cells CD4/T cells CM	/PBMC/T cells/T cells CD4/T cells CM	36010	536371	1022066	15077334	0.03403347207572991	0.03435257679071047	0.9659665279242701	0.9656474232092895
dataset_name-FR-FCM-Z3YR_seed-42	random	num-3	run0	18	/PBMC/T cells/NKT cells	/PBMC/T cells/NKT cells	41	547892	1212	15479241	0.03272146847565842	0.034185278177949856	0.9672785315243416	0.9658147218220502
dataset_name-FR-FCM-Z3YR_seed-42	random	num-3	run0	15	/PBMC/CD3-CD19-/CD7low cells/CD11c hi HLADR hi/cDC/cDC2	/PBMC/CD3-CD19-/CD7low cells/CD11c hi HLADR hi/cDC/cDC2	1686	554189	49357	15423154	0.03303097388476383	0.034685929944672275	0.9669690261152362	0.9653140700553278
dataset_name-FR-FCM-Z3YR_seed-42	random	num-3	run0	9	/PBMC/CD3-CD19-/CD7hi cells/NK cells CD56 hi	/PBMC/CD3-CD19-/CD7hi cells/NK cells CD56 hi	804	555786	22890	15448906	0.03393264117498101	0.034726441471038615	0.966067358825019	0.9652735585289614
dataset_name-FR-FCM-Z3YR_seed-42	random	num-3	run0	26	/PBMC/T cells/T cells CD8/T cells EM	/PBMC/T cells/T cells CD8/T cells EM	3236	544483	91705	15388962	0.034084326055128976	0.03417233372946026	0.965915673944871	0.9658276662705397
dataset_name-FR-FCM-Z3YR_seed-42	random	num-3	run0	8	/PBMC/CD3 CD19 DP	/PBMC/CD3 CD19 DP	1673	545867	47282	15433564	0.03417424165049535	0.034160603090310285	0.9658257583495047	0.9658393969096897
dataset_name-FR-FCM-Z3YR_seed-42	random	num-4	run0	18	/PBMC/T cells/NKT cells	/PBMC/T cells/NKT cells	41	552532	1214	15610169	0.03266932270916335	0.0341856228114348	0.9673306772908367	0.9658143771885652
dataset_name-FR-FCM-Z3YR_seed-42	random	num-4	run0	28	/PBMC/T cells/T cells CD8/T cells TEMRA	/PBMC/T cells/T cells CD8/T cells TEMRA	940	557255	27641	15578120	0.032888982190966025	0.034536228628092004	0.967111017809034	0.965463771371908
dataset_name-FR-FCM-Z3YR_seed-42	random	num-4	run0	2	/PBMC/B cells/B cells DN	/PBMC/B cells/B cells DN	1712	554745	50152	15557347	0.03300940922412463	0.03443035206104831	0.9669905907758753	0.9655696479389517
dataset_name-FR-FCM-Z3YR_seed-42	random	num-4	run0	9	/PBMC/CD3-CD19-/CD7hi cells/NK cells CD56 hi	/PBMC/CD3-CD19-/CD7hi cells/NK cells CD56 hi	797	553034	22983	15587142	0.03351555929352397	0.03426443429117502	0.966484440706476	0.965735565708825
dataset_name-FR-FCM-Z3YR_seed-42	random	num-4	run0	13	/PBMC/CD3-CD19-/CD7low cells/CD11c hi HLADR hi/Monocytes non-class	/PBMC/CD3-CD19-/CD7low cells/CD11c hi HLADR hi/Monocytes non-class	3107	551465	88606	15520778	0.03387742195762869	0.0343116390164086	0.9661225780423713	0.9656883609835915
dataset_name-FR-FCM-Z3YR_seed-42	random	num-5	run0	22	/PBMC/T cells/T cells CD4/T cells TEMRA	/PBMC/T cells/T cells CD4/T cells TEMRA	165	552733	4885	15556597	0.032673267326732675	0.03431135869710286	0.9673267326732673	0.9656886413028971
dataset_name-FR-FCM-Z3YR_seed-42	random	num-5	run0	13	/PBMC/CD3-CD19-/CD7low cells/CD11c hi HLADR hi/Monocytes non-class	/PBMC/CD3-CD19-/CD7low cells/CD11c hi HLADR hi/Monocytes non-class	3067	552379	89240	15469694	0.0332260825289523	0.03447612553007342	0.9667739174710477	0.9655238744699266
dataset_name-FR-FCM-Z3YR_seed-42	random	num-5	run0	8	/PBMC/CD3 CD19 DP	/PBMC/CD3 CD19 DP	1635	554475	47373	15510897	0.033361900097943195	0.03451367325948008	0.9666380999020568	0.9654863267405199
dataset_name-FR-FCM-Z3YR_seed-42	random	num-5	run0	15	/PBMC/CD3-CD19-/CD7low cells/CD11c hi HLADR hi/cDC/cDC2	/PBMC/CD3-CD19-/CD7low cells/CD11c hi HLADR hi/cDC/cDC2	1727	550458	49817	15512378	0.033505354648455686	0.03426904190517789	0.9664946453515443	0.9657309580948221
dataset_name-FR-FCM-Z3YR_seed-42	random	num-5	run0	7	/PBMC/B cells/B cells SWME/B cells PC	/PBMC/B cells/B cells SWME/B cells PC	292	553097	8368	15552623	0.033718244803695153	0.034341650047312385	0.9662817551963049	0.9656583499526876
dataset_name-Samusik_seed-42	cygate	num-1	run0	1	B-cell Frac A-C (pro-B cells)	B-cell Frac A-C (pro-B cells)	290	441	3505	729579	0.0764163372859025	6.040930385468891e-4	0.9235836627140975	0.9993959069614531
dataset_name-Samusik_seed-42	cygate	num-1	run0	10	HSC	HSC	4	90	22	733699	0.15384615384615385	1.2265106181749794e-4	0.8461538461538461	0.9998773489381825
dataset_name-Samusik_seed-42	cygate	num-1	run0	25	ungated	ungated	70485	736	203471	459123	0.25728584152199624	0.0016004905851576244	0.7427141584780038	0.9983995094148423
dataset_name-Samusik_seed-42	cygate	num-1	run0	5	CLP	CLP	177	4482	257	728899	0.4078341013824885	0.006111420939457117	0.5921658986175116	0.9938885790605428
dataset_name-Samusik_seed-42	cygate	num-1	run0	19	NKT cells	NKT cells	6593	5360	1047	720815	0.862958115183246	0.007381140909560368	0.13704188481675392	0.9926188590904397
dataset_name-Samusik_seed-42	cygate	num-2	run0	1	B-cell Frac A-C (pro-B cells)	B-cell Frac A-C (pro-B cells)	406	800	3357	701664	0.1078926388519798	0.0011388483965014578	0.8921073611480203	0.9988611516034985
dataset_name-Samusik_seed-42	cygate	num-2	run0	25	ungated	ungated	73797	849	181115	450466	0.2894999058498619	0.0018811694714334778	0.710500094150138	0.9981188305285665
dataset_name-Samusik_seed-42	cygate	num-2	run0	10	HSC	HSC	8	910	18	705291	0.3076923076923077	0.0012885849779312123	0.6923076923076923	0.9987114150220688
dataset_name-Samusik_seed-42	cygate	num-2	run0	5	CLP	CLP	247	5291	199	700490	0.5538116591928252	0.007496659728726049	0.4461883408071749	0.992503340271274
dataset_name-Samusik_seed-42	cygate	num-2	run0	16	MPP	MPP	977	3618	123	701509	0.8881818181818182	0.005130990587511186	0.11181818181818182	0.9948690094124888
dataset_name-Samusik_seed-42	cygate	num-3	run0	10	HSC	HSC	0	126	28	732996	0	1.718677109676152e-4	1	0.9998281322890323
dataset_name-Samusik_seed-42	cygate	num-3	run0	1	B-cell Frac A-C (pro-B cells)	B-cell Frac A-C (pro-B cells)	131	931	3766	728322	0.033615601744932	0.0012766488447767785	0.96638439825506806	0.9987233511552233
dataset_name-Samusik_seed-42	cygate	num-3	run0	25	ungated	ungated	72875	673	204774	454828	0.2624716818717157	0.001477494012087789	0.7375283181282842	0.9985225059879123
dataset_name-Samusik_seed-42	cygate	num-3	run0	20	Non-Classical Monocytes	Non-Classical Monocytes	2336	966	4432	725416	0.34515366430260047	0.0013298787690223602	0.6548463356973995	0.9986701212309776
dataset_name-Samusik_seed-42	cygate	num-3	run0	5	CLP	CLP	332	5375	96	727347	0.7757009345794392	0.007335660728079681	0.22429906542056074	0.9926643392719203
dataset_name-Samusik_seed-42	cygate	num-4	run0	1	B-cell Frac A-C (pro-B cells)	B-cell Frac A-C (pro-B cells)	174	410	3587	717398	0.046264291411858546	5.711833805140094e-4	0.9537357085881415	0.999428816619486
dataset_name-Samusik_seed-42	cygate	num-4	run0	10	HSC	HSC	5	421	19	721124	0.20833333333333334	5.834701924342903e-4	0.7916666666666666	0.9994165298075657
dataset_name-Samusik_seed-42	cygate	num-4	run0	25	ungated	ungated	73781	694	195908	451186	0.27357808438608916	0.001535805966185713	0.7264219156139108	0.9984641940338143
dataset_name-Samusik_seed-42	cygate	num-4	run0	5	CLP	CLP	342	5194	92	715941	0.7880184331797235	0.007202534892911868	0.2119815668202765	0.9927974651070881
dataset_name-Samusik_seed-42	cygate	num-4	run0	19	NKT cells	NKT cells	6451	5295	1120	708703	0.8520670981376305	0.007415987159627898	0.14793290186236957	0.9925840128403721
dataset_name-Samusik_seed-42	cygate	num-5	run0	10	HSC	HSC	0	470	27	737765	0	6.366536401010519e-4	1	0.999363346359899
dataset_name-Samusik_seed-42	cygate	num-5	run0	1	B-cell Frac A-C (pro-B cells)	B-cell Frac A-C (pro-B cells)	136	397	3683	734046	0.0356114166012045	5.405456924499247e-4	0.9643885833987955	0.9994594543075501
dataset_name-Samusik_seed-42	cygate	num-5	run0	25	ungated	ungated	67322	309	206678	463953	0.2457007299270073	6.655724569316464e-4	0.7542992700729927	0.9993344275430683
dataset_name-Samusik_seed-42	cygate	num-5	run0	5	CLP	CLP	359	5467	82	732354	0.8140589569160998	0.007409656271643122	0.18594104308390022	0.9925903437283569
dataset_name-Samusik_seed-42	cygate	num-5	run0	19	NKT cells	NKT cells	6605	5366	1092	725199	0.8581265428088866	0.00734500010266027	0.1418734571911134	0.9926549998973397
dataset_name-Samusik_seed-42	dgcytof	num-1	run0	10	HSC	HSC	0	0	26	755877	0	0	1	1
dataset_name-Samusik_seed-42	dgcytof	num-1	run0	5	CLP	CLP	27	47	407	755422	0.06221198156682028	6.22130094021065e-5	0.9377880184331797	0.9999377869905979
dataset_name-Samusik_seed-42	dgcytof	num-1	run0	22	gd T cells	gd T cells	134	16	215	755538	0.3839541547277937	2.1176514186940972e-5	0.6160458452722063	0.999978823485813
dataset_name-Samusik_seed-42	dgcytof	num-1	run0	23	mDCs	mDCs	381	156	599	754767	0.38877551020408163	2.0664359146561968e-4	0.6112244897959184	0.9997933564085344
dataset_name-Samusik_seed-42	dgcytof	num-1	run0	1	B-cell Frac A-C (pro-B cells)	B-cell Frac A-C (pro-B cells)	1569	493	2226	751615	0.4134387351778656	6.554909667228643e-4	0.5865612648221344	0.9993445090332771
dataset_name-Samusik_seed-42	dgcytof	num-2	run0	10	HSC	HSC	1	0	25	760905	0.038461538461538464	0	0.9615384615384616	1
dataset_name-Samusik_seed-42	dgcytof	num-2	run0	5	CLP	CLP	108	216	338	760269	0.242152466367713	2.840292707942957e-4	0.757847533632287	0.9997159707292057
dataset_name-Samusik_seed-42	dgcytof	num-2	run0	1	B-cell Frac A-C (pro-B cells)	B-cell Frac A-C (pro-B cells)	1369	465	2395	756702	0.36370882040382574	6.141313607169885e-4	0.6362911795961743	0.999385868639283
dataset_name-Samusik_seed-42	dgcytof	num-2	run0	22	gd T cells	gd T cells	185	27	162	760557	0.5331412103746398	3.549903758164779e-5	0.4668587896253602	0.9999645009624184
dataset_name-Samusik_seed-42	dgcytof	num-2	run0	16	MPP	MPP	638	238	462	759593	0.58	3.1322754665182126e-4	0.42	0.9996867724533481
dataset_name-Samusik_seed-42	dgcytof	num-3	run0	10	HSC	HSC	0	0	28	757060	0	0	1	1
dataset_name-Samusik_seed-42	dgcytof	num-3	run0	5	CLP	CLP	70	86	358	756574	0.16355140186915887	1.1365738905188592e-4	0.8364485981308412	0.9998863426109481
dataset_name-Samusik_seed-42	dgcytof	num-3	run0	16	MPP	MPP	447	180	673	755788	0.3991071428571429	2.3810531662715883e-4	0.6008928571428571	0.9997618946833728
dataset_name-Samusik_seed-42	dgcytof	num-3	run0	6	CMP	CMP	826	321	1016	754925	0.44842562432138977	4.2502707727018745e-4	0.5515743756786102	0.9995749729227298
dataset_name-Samusik_seed-42	dgcytof	num-3	run0	17	Macrophages	Macrophages	1477	1065	1230	753316	0.5456224602881419	0.0014117534773542813	0.4543775397118581	0.9985882465226458
dataset_name-Samusik_seed-42	dgcytof	num-4	run0	10	HSC	HSC	1	13	23	758101	0.041666666666666664	1.714781681910636e-5	0.9583333333333334	0.999982852183181
dataset_name-Samusik_seed-42	dgcytof	num-4	run0	5	CLP	CLP	110	102	324	757602	0.2534562211981567	1.3461721199835292e-4	0.7465437788018433	0.9998653827880016
dataset_name-Samusik_seed-42	dgcytof	num-4	run0	15	MEP	MEP	1756	446	3129	752807	0.35946775844421697	5.920985379414353e-4	0.640532241555783	0.9994079014620586
dataset_name-Samusik_seed-42	dgcytof	num-4	run0	22	gd T cells	gd T cells	136	49	225	757728	0.3767313019390582	6.466282296770685e-5	0.6232686980609419	0.9999353371770323
dataset_name-Samusik_seed-42	dgcytof	num-4	run0	17	Macrophages	Macrophages	999	428	1651	755060	0.3769811320754717	5.665212418992757e-4	0.6230188679245283	0.9994334787581007
dataset_name-Samusik_seed-42	dgcytof	num-5	run0	10	HSC	HSC	0	0	27	764335	0	0	1	1
dataset_name-Samusik_seed-42	dgcytof	num-5	run0	5	CLP	CLP	18	41	423	763880	0.04081632653061224	5.3670471161285e-5	0.9591836734693877	0.9999463295288387
dataset_name-Samusik_seed-42	dgcytof	num-5	run0	16	MPP	MPP	327	113	810	763112	0.287598944591029	1.480559468046775e-4	0.712401055408971	0.9998519440531953
dataset_name-Samusik_seed-42	dgcytof	num-5	run0	17	Macrophages	Macrophages	738	475	1801	761348	0.2906656163844033	6.235044098169785e-4	0.7093343836155966	0.999376495590183
dataset_name-Samusik_seed-42	dgcytof	num-5	run0	1	B-cell Frac A-C (pro-B cells)	B-cell Frac A-C (pro-B cells)	1839	606	1980	759937	0.48153967007069914	7.967991290433283e-4	0.5184603299293009	0.9992032008709567
dataset_name-Samusik_seed-42	random	num-1	run0	22	gd T cells	gd T cells	11	29520	338	726034	0.03151862464183381	0.03907066867490609	0.9684813753581661	0.960929331325094
dataset_name-Samusik_seed-42	random	num-1	run0	21	Plasma Cells	Plasma Cells	52	30366	1523	723962	0.03301587301587302	0.04025569778663923	0.966984126984127	0.9597443022133607
dataset_name-Samusik_seed-42	random	num-1	run0	5	CLP	CLP	15	29704	419	725765	0.03456221198156682	0.03931862194213131	0.9654377880184332	0.9606813780578687
dataset_name-Samusik_seed-42	random	num-1	run0	3	CD4 T cells	CD4 T cells	176	30350	4897	720480	0.03469347526118668	0.04042193306074611	0.9653065247388133	0.9595780669392538
dataset_name-Samusik_seed-42	random	num-1	run0	1	B-cell Frac A-C (pro-B cells)	B-cell Frac A-C (pro-B cells)	138	29467	3657	722641	0.03636363636363636	0.039179213623575335	0.9636363636363636	0.9608207863764247
dataset_name-Samusik_seed-42	random	num-2	run0	21	Plasma Cells	Plasma Cells	53	29669	1492	729717	0.0343042071197411	0.03906972211760554	0.9656957928802589	0.9609302778823945
dataset_name-Samusik_seed-42	random	num-2	run0	17	Macrophages	Macrophages	92	31141	2502	727196	0.03546646106399383	0.04106485638970537	0.9645335389360061	0.9589351436102946
dataset_name-Samusik_seed-42	random	num-2	run0	19	NKT cells	NKT cells	288	30226	7266	723151	0.03812549642573471	0.040120683270129034	0.9618745035742653	0.9598793167298709
dataset_name-Samusik_seed-42	random	num-2	run0	10	HSC	HSC	1	29919	25	730986	0.038461538461538464	0.03932028308395923	0.9615384615384616	0.9606797169160408
dataset_name-Samusik_seed-42	random	num-2	run0	18	NK cells	NK cells	112	29716	2800	728303	0.038461538461538464	0.039202183586427256	0.9615384615384616	0.9607978164135728
dataset_name-Samusik_seed-42	random	num-3	run0	5	CLP	CLP	13	30135	415	726525	0.030373831775700934	0.0398263420823091	0.969626168224299	0.9601736579176909
dataset_name-Samusik_seed-42	random	num-3	run0	21	Plasma Cells	Plasma Cells	43	29909	1210	725926	0.034317637669592976	0.039570805797561635	0.965682362330407	0.9604291942024383
dataset_name-Samusik_seed-42	random	num-3	run0	2	Basophils	Basophils	129	30447	3570	722942	0.034874290348742905	0.040413385382584564	0.9651257096512571	0.9595866146174155
dataset_name-Samusik_seed-42	random	num-3	run0	10	HSC	HSC	1	29775	27	727285	0.03571428571428571	0.039329775711304256	0.9642857142857143	0.9606702242886958
dataset_name-Samusik_seed-42	random	num-3	run0	1	B-cell Frac A-C (pro-B cells)	B-cell Frac A-C (pro-B cells)	146	30180	3751	723011	0.037464716448550164	0.04006951755929107	0.9625352835514498	0.9599304824407089
dataset_name-Samusik_seed-42	random	num-4	run0	23	mDCs	mDCs	30	30404	925	726779	0.031413612565445025	0.040154097490302874	0.9685863874345549	0.9598459025096971
dataset_name-Samusik_seed-42	random	num-4	run0	6	CMP	CMP	58	29935	1777	726368	0.03160762942779292	0.039580697154447356	0.9683923705722071	0.9604193028455527
dataset_name-Samusik_seed-42	random	num-4	run0	18	NK cells	NK cells	99	31024	2692	724323	0.035471157291293444	0.04107251369238244	0.9645288427087065	0.9589274863076176
dataset_name-Samusik_seed-42	random	num-4	run0	9	GMP	GMP	194	29433	5224	723287	0.03580657069029162	0.039102189393134236	0.9641934293097084	0.9608978106068657
dataset_name-Samusik_seed-42	random	num-4	run0	21	Plasma Cells	Plasma Cells	55	29763	1443	726877	0.036715620827770364	0.039335747515330935	0.9632843791722296	0.960664252484669
dataset_name-Samusik_seed-42	random	num-5	run0	24	pDCs	pDCs	885	29996	23175	710306	0.03678304239401496	0.04051859916628619	0.963216957605985	0.9594814008337138
dataset_name-Samusik_seed-42	random	num-5	run0	10	HSC	HSC	1	30044	26	734291	0.037037037037037035	0.039307371767614986	0.9629629629629629	0.960692628232385
dataset_name-Samusik_seed-42	random	num-5	run0	16	MPP	MPP	43	30199	1094	733026	0.03781882145998241	0.03956762422614563	0.9621811785400176	0.9604323757738543
dataset_name-Samusik_seed-42	random	num-5	run0	3	CD4 T cells	CD4 T cells	200	30225	5023	728914	0.03829216925138809	0.03981484286803866	0.9617078307486119	0.9601851571319613
dataset_name-Samusik_seed-42	random	num-5	run0	11	IgD- IgMpos B cells	IgD- IgMpos B cells	1792	28092	44077	690401	0.039067779982123005	0.03909850200349899	0.960932220017877	0.960901497996501
dataset_name-Transformed_seed-42	cygate	num-1	run0	7	monocytes	monocytes	10175	1673	4345	113725	0.7007575757575758	0.014497651605747067	0.29924242424242425	0.9855023483942529
dataset_name-Transformed_seed-42	cygate	num-1	run0	5	DC	DC	1183	248	348	128139	0.7726975832789027	0.0019316597474822218	0.22730241672109733	0.9980683402525178
dataset_name-Transformed_seed-42	cygate	num-1	run0	4	CD8 T-cells	CD8 T-cells	33188	6314	6254	84162	0.8414380609502561	0.06978646270834254	0.15856193904974392	0.9302135372916575
dataset_name-Transformed_seed-42	cygate	num-1	run0	1	B-cells IgM+	B-cells IgM+	5145	112	870	123791	0.8553615960099751	9.0393291526436e-4	0.14463840399002495	0.9990960670847356
dataset_name-Transformed_seed-42	cygate	num-1	run0	3	CD4 T-cells	CD4 T-cells	33930	334	5512	90142	0.8602504943968359	0.003691586719129935	0.13974950560316415	0.99630841328087
dataset_name-Transformed_seed-42	cygate	num-2	run0	5	DC	DC	1128	382	655	156614	0.6326416152551879	0.002433183011032128	0.36735838474481214	0.9975668169889679
dataset_name-Transformed_seed-42	cygate	num-2	run0	2	B-cells IgM-	B-cells IgM-	1994	1369	878	154538	0.6942896935933147	0.008780875778508983	0.30571030640668523	0.991219124221491
dataset_name-Transformed_seed-42	cygate	num-2	run0	6	NK cells	NK cells	16895	4310	6264	131310	0.7295220000863595	0.03177997345524259	0.27047799991364047	0.9682200265447574
dataset_name-Transformed_seed-42	cygate	num-2	run0	7	monocytes	monocytes	12198	4485	4460	137636	0.7322607756033137	0.03155761639729526	0.2677392243966863	0.9684423836027047
dataset_name-Transformed_seed-42	cygate	num-2	run0	8	ungated	ungated	2773	828	842	154336	0.7670816044260028	0.005336289345466732	0.23291839557399724	0.9946637106545333
dataset_name-Transformed_seed-42	cygate	num-3	run0	7	monocytes	monocytes	12092	3389	4349	116697	0.7354783772276625	0.02822144130040138	0.26452162277233743	0.9717785586995986
dataset_name-Transformed_seed-42	cygate	num-3	run0	5	DC	DC	1333	373	417	134404	0.7617142857142857	0.002767534519984864	0.2382857142857143	0.9972324654800151
dataset_name-Transformed_seed-42	cygate	num-3	run0	3	CD4 T-cells	CD4 T-cells	34045	276	8338	93868	0.8032701790812354	0.0029316791298436436	0.1967298209187646	0.9970683208701564
dataset_name-Transformed_seed-42	cygate	num-3	run0	4	CD8 T-cells	CD8 T-cells	36550	9933	6349	83695	0.8520012121494673	0.10609005852949972	0.14799878785053264	0.8939099414705003
dataset_name-Transformed_seed-42	cygate	num-3	run0	1	B-cells IgM+	B-cells IgM+	4978	154	830	130565	0.8570936639118457	0.0011780995876651444	0.14290633608815426	0.9988219004123349
dataset_name-Transformed_seed-42	cygate	num-4	run0	7	monocytes	monocytes	12083	2136	3725	124733	0.7643598178137652	0.016836264178010388	0.2356401821862348	0.9831637358219896
dataset_name-Transformed_seed-42	cygate	num-4	run0	5	DC	DC	1281	280	340	140776	0.7902529302899445	0.00198502722323049	0.20974706971005552	0.9980149727767695
dataset_name-Transformed_seed-42	cygate	num-4	run0	8	ungated	ungated	2755	678	520	138724	0.8412213740458016	0.0048636317986829455	0.15877862595419848	0.995136368201317
dataset_name-Transformed_seed-42	cygate	num-4	run0	4	CD8 T-cells	CD8 T-cells	32861	7436	6105	96275	0.8433249499563722	0.07169924116053264	0.15667505004362778	0.9283007588394674
dataset_name-Transformed_seed-42	cygate	num-4	run0	1	B-cells IgM+	B-cells IgM+	5249	148	857	136423	0.8596462495905667	0.001083685409054631	0.14035375040943335	0.9989163145909453
dataset_name-Transformed_seed-42	cygate	num-5	run0	7	monocytes	monocytes	10965	3423	6061	132968	0.6440150358275578	0.025096963875915566	0.35598496417244213	0.9749030361240845
dataset_name-Transformed_seed-42	cygate	num-5	run0	5	DC	DC	1261	323	497	151336	0.717292377701934	0.0021297779887774547	0.282707622298066	0.9978702220112226
dataset_name-Transformed_seed-42	cygate	num-5	run0	2	B-cells IgM-	B-cells IgM-	2267	1187	770	149193	0.746460322686862	0.007893336879904242	0.253539677313138	0.9921066631200958
dataset_name-Transformed_seed-42	cygate	num-5	run0	4	CD8 T-cells	CD8 T-cells	30504	5443	9793	107677	0.756979427748964	0.048117043847241865	0.24302057225103607	0.9518829561527581
dataset_name-Transformed_seed-42	cygate	num-5	run0	8	ungated	ungated	2839	750	510	149318	0.8477157360406091	0.004997734360423275	0.15228426395939088	0.9950022656395767
dataset_name-Transformed_seed-42	dgcytof	num-1	run0	8	ungated	ungated	1725	186	2081	161893	0.453231739358907	0.0011475885216468513	0.546768260641093	0.9988524114783531
dataset_name-Transformed_seed-42	dgcytof	num-1	run0	7	monocytes	monocytes	11753	2083	4826	147223	0.7089088606067917	0.013951214284757478	0.2910911393932083	0.9860487857152426
dataset_name-Transformed_seed-42	dgcytof	num-1	run0	1	B-cells IgM+	B-cells IgM+	4718	343	1610	159214	0.745575221238938	0.0021497019873775516	0.25442477876106195	0.9978502980126225
dataset_name-Transformed_seed-42	dgcytof	num-1	run0	2	B-cells IgM-	B-cells IgM-	2387	1739	779	160980	0.7539481996209728	0.010687135491245644	0.24605180037902716	0.9893128645087543
dataset_name-Transformed_seed-42	dgcytof	num-1	run0	6	NK cells	NK cells	19582	2660	3936	139707	0.8326388298324687	0.0186841051648205	0.16736117016753124	0.9813158948351794
dataset_name-Transformed_seed-42	dgcytof	num-2	run0	8	ungated	ungated	1990	339	1631	156869	0.5495719414526374	0.002156378810238665	0.4504280585473626	0.9978436211897613
dataset_name-Transformed_seed-42	dgcytof	num-2	run0	2	B-cells IgM-	B-cells IgM-	2285	775	682	157087	0.7701381867205932	0.00490935120548327	0.2298618132794068	0.9950906487945167
dataset_name-Transformed_seed-42	dgcytof	num-2	run0	6	NK cells	NK cells	18093	1769	5208	135759	0.7764902793871508	0.012862835204467455	0.22350972061284924	0.9871371647955326
dataset_name-Transformed_seed-42	dgcytof	num-2	run0	7	monocytes	monocytes	13532	2437	3170	141690	0.8102023709735361	0.016908698578337163	0.1897976290264639	0.9830913014216628
dataset_name-Transformed_seed-42	dgcytof	num-2	run0	5	DC	DC	1448	192	336	158853	0.8116591928251121	0.0012072055078751296	0.18834080717488788	0.9987927944921249
dataset_name-Transformed_seed-42	dgcytof	num-3	run0	8	ungated	ungated	2000	255	1709	159393	0.5392289026691831	0.001597263980757667	0.46077109733081695	0.9984027360192423
dataset_name-Transformed_seed-42	dgcytof	num-3	run0	4	CD8 T-cells	CD8 T-cells	38364	6188	11327	107478	0.7720512768911876	0.05444020199531962	0.22794872310881245	0.9455597980046804
dataset_name-Transformed_seed-42	dgcytof	num-3	run0	1	B-cells IgM+	B-cells IgM+	4573	265	1295	157224	0.7793115201090661	0.0016826572014553398	0.22068847989093388	0.9983173427985447
dataset_name-Transformed_seed-42	dgcytof	num-3	run0	2	B-cells IgM-	B-cells IgM-	2344	1448	613	158952	0.7926952992898207	0.009027431421446384	0.20730470071017923	0.9909725685785536
dataset_name-Transformed_seed-42	dgcytof	num-3	run0	7	monocytes	monocytes	14571	3837	2458	142491	0.855657995184685	0.026221912415942267	0.14434200481531506	0.9737780875840577
dataset_name-Transformed_seed-42	dgcytof	num-4	run0	2	B-cells IgM-	B-cells IgM-	1581	616	1581	160023	0.5	0.0038346852258791453	0.5	0.9961653147741208
dataset_name-Transformed_seed-42	dgcytof	num-4	run0	8	ungated	ungated	2056	125	1670	159950	0.5517981749865808	7.808839606434484e-4	0.4482018250134192	0.9992191160393565
dataset_name-Transformed_seed-42	dgcytof	num-4	run0	7	monocytes	monocytes	13779	3714	3247	143061	0.8092916715611418	0.025304036791006644	0.1907083284388582	0.9746959632089933
dataset_name-Transformed_seed-42	dgcytof	num-4	run0	6	NK cells	NK cells	18541	2115	4328	138817	0.8107481743845381	0.015007237532994636	0.18925182561546197	0.9849927624670054
dataset_name-Transformed_seed-42	dgcytof	num-4	run0	5	DC	DC	1570	352	281	161598	0.8481901674770395	0.0021735103426983636	0.15180983252296057	0.9978264896573016
dataset_name-Transformed_seed-42	dgcytof	num-5	run0	5	DC	DC	1113	220	725	159080	0.6055495103373232	0.0013810420590081606	0.3944504896626768	0.9986189579409919
dataset_name-Transformed_seed-42	dgcytof	num-5	run0	7	monocytes	monocytes	10994	1405	6529	142210	0.6274039833361867	0.0097831006510462	0.37259601666381326	0.9902168993489538
dataset_name-Transformed_seed-42	dgcytof	num-5	run0	2	B-cells IgM-	B-cells IgM-	2041	662	1021	157414	0.6665578053559765	0.004187859004529467	0.3334421946440235	0.9958121409954706
dataset_name-Transformed_seed-42	dgcytof	num-5	run0	8	ungated	ungated	2692	656	929	156861	0.7434410383871859	0.004164629849476564	0.25655896161281416	0.9958353701505235
dataset_name-Transformed_seed-42	dgcytof	num-5	run0	6	NK cells	NK cells	19586	2093	3423	136036	0.8512321265591725	0.015152502370972062	0.1487678734408275	0.9848474976290279
dataset_name-Transformed_seed-42	random	num-1	run0	7	monocytes	monocytes	1969	17714	14610	131592	0.1187647023342783	0.11864225148353047	0.8812352976657217	0.8813577485164695
dataset_name-Transformed_seed-42	random	num-1	run0	3	CD4 T-cells	CD4 T-cells	7536	13353	53118	91878	0.12424572163418736	0.12689226558713687	0.8757542783658127	0.8731077344128632
dataset_name-Transformed_seed-42	random	num-1	run0	4	CD8 T-cells	CD8 T-cells	6271	14919	43663	101032	0.12558577322065126	0.12866641943579615	0.8744142267793488	0.8713335805642038
dataset_name-Transformed_seed-42	random	num-1	run0	6	NK cells	NK cells	2958	17791	20560	124576	0.12577600136065992	0.12496575751403063	0.8742239986393401	0.8750342424859694
dataset_name-Transformed_seed-42	random	num-1	run0	1	B-cells IgM+	B-cells IgM+	800	19703	5528	139854	0.1264222503160556	0.12348565089591808	0.8735777496839444	0.8765143491040819
dataset_name-Transformed_seed-42	random	num-2	run0	3	CD4 T-cells	CD4 T-cells	6995	12081	51304	90449	0.11998490540146486	0.11782892811859944	0.8800150945985351	0.8821710718814005
dataset_name-Transformed_seed-42	random	num-2	run0	5	DC	DC	217	19445	1567	139600	0.12163677130044843	0.12226099531579113	0.8783632286995515	0.8777390046842088
dataset_name-Transformed_seed-42	random	num-2	run0	8	ungated	ungated	455	19917	3166	137291	0.12565589616128142	0.12669202585110173	0.8743441038387186	0.8733079741488983
dataset_name-Transformed_seed-42	random	num-2	run0	6	NK cells	NK cells	2952	17171	20349	120357	0.12668984163769795	0.12485457506834972	0.8733101583623021	0.8751454249316503
dataset_name-Transformed_seed-42	random	num-2	run0	4	CD8 T-cells	CD8 T-cells	6110	14145	41926	98648	0.12719626946456825	0.1254067185020347	0.8728037305354318	0.8745932814979653
dataset_name-Transformed_seed-42	random	num-3	run0	2	B-cells IgM-	B-cells IgM-	349	19627	2608	140773	0.11802502536354413	0.12236284289276808	0.8819749746364559	0.8776371571072319
dataset_name-Transformed_seed-42	random	num-3	run0	7	monocytes	monocytes	2013	17371	15016	128957	0.11821011216160666	0.11871275490678476	0.8817898878383933	0.8812872450932152
dataset_name-Transformed_seed-42	random	num-3	run0	8	ungated	ungated	455	20248	3254	139400	0.12267457535723915	0.12682902385247544	0.8773254246427609	0.8731709761475246
dataset_name-Transformed_seed-42	random	num-3	run0	3	CD4 T-cells	CD4 T-cells	7426	12996	51717	91218	0.12556008318820486	0.12470493407795498	0.8744399168117951	0.875295065922045
dataset_name-Transformed_seed-42	random	num-3	run0	1	B-cells IgM+	B-cells IgM+	738	19459	5130	138030	0.12576687116564417	0.12355783578535644	0.8742331288343558	0.8764421642146436
dataset_name-Transformed_seed-42	random	num-4	run0	4	CD8 T-cells	CD8 T-cells	5728	13705	43097	101271	0.11731694828469022	0.11919878931255218	0.8826830517153098	0.8808012106874478
dataset_name-Transformed_seed-42	random	num-4	run0	6	NK cells	NK cells	2833	17421	20036	123511	0.12387948751585115	0.12361280617602816	0.8761205124841488	0.8763871938239719
dataset_name-Transformed_seed-42	random	num-4	run0	1	B-cells IgM+	B-cells IgM+	790	20142	5520	137349	0.12519809825673534	0.1278930224584262	0.8748019017432647	0.8721069775415738
dataset_name-Transformed_seed-42	random	num-4	run0	3	CD4 T-cells	CD4 T-cells	7527	12950	52505	90819	0.1253831289978678	0.12479642282377203	0.8746168710021321	0.875203577176228
dataset_name-Transformed_seed-42	random	num-4	run0	7	monocytes	monocytes	2165	18460	14861	128315	0.12715846352637145	0.1257707375234202	0.8728415364736286	0.8742292624765798
dataset_name-Transformed_seed-42	random	num-5	run0	7	monocytes	monocytes	2058	17055	15465	126560	0.11744564286937169	0.11875500470006616	0.8825543571306284	0.8812449952999338
dataset_name-Transformed_seed-42	random	num-5	run0	8	ungated	ungated	431	19515	3190	138002	0.11902789284727976	0.12389138950081578	0.8809721071527202	0.8761086104991842
dataset_name-Transformed_seed-42	random	num-5	run0	2	B-cells IgM-	B-cells IgM-	367	19325	2695	138751	0.11985630306988897	0.1222513221488398	0.8801436969301111	0.8777486778511602
dataset_name-Transformed_seed-42	random	num-5	run0	3	CD4 T-cells	CD4 T-cells	7359	12937	51863	88979	0.12426125426361825	0.12693787040307705	0.8757387457363818	0.873062129596923
dataset_name-Transformed_seed-42	random	num-5	run0	4	CD8 T-cells	CD8 T-cells	5851	14310	40671	100306	0.12576845363483943	0.12485167864870524	0.8742315463651605	0.8751483213512947
