model	stratification	median_f1_macro	mean_f1_macro	median_f1_macro_known_open_set	mean_f1_macro_known_open_set	median_precision_macro	mean_precision_macro	median_recall_macro	mean_recall_macro	median_balanced_accuracy	mean_balanced_accuracy	n_runs	metric_semantics_version
cyanno	drop-both	0.9372430552214418	0.8549472551126557	0.9372430552214418	0.8549472551126557	0.9798180695090937	0.9219376157585618	0.9089412224506879	0.837226707967064	0.9544642785937594	0.9162876365838789	87	known-population-open-set-v1
cyanno	drop-train	0.7661545361830548	0.726206748194899	0.7661545361830548	0.726206748194899	0.8936162180276673	0.7350742096850781	0.9089412224506879	0.8372266958922542	0.9365475682021108	0.8985479350543524	87	known-population-open-set-v1
cyanno	unfiltered	0.7661545361830548	0.726206730976962	0.7661545361830548	0.726206730976962	0.8936162180276673	0.7350742015000638	0.9089412224506879	0.8372266958922542	0.9365475682021108	0.8985479351084165	87	known-population-open-set-v1
cygate	drop-both	0.8012436264476939	0.7699921379038933	0.8012436264476939	0.7699921379038933	0.8605755747976586	0.8273566298452344	0.7878216518521333	0.7776734097253309	0.889365960307425	0.8834711772516551	87	known-population-open-set-v1
cygate	drop-train	0.7341726607154057	0.630988122890065	0.7341726607154057	0.630988122890065	0.743988639602805	0.6294203768307537	0.7788496149016313	0.7517682915307469	0.8736709055362372	0.851314766567823	87	known-population-open-set-v1
cygate	unfiltered	0.7537323154942793	0.6555520868003741	0.7537323154942793	0.6555520868003741	0.773812306093655	0.6468988825584553	0.7890290775339117	0.7952106706849807	0.8828035896138889	0.8735912607906463	87	known-population-open-set-v1
dgcytof	drop-both	0.9126426033156491	0.8462941964482962	0.9126426033156491	0.8462941964482962	0.9619521052512366	0.9067771718761162	0.8928026167677375	0.8279751284701559	0.9438771378742977	0.9117418899139025	87	known-population-open-set-v1
dgcytof	drop-train	0.7334488825558244	0.6776104227984096	0.7334488825558244	0.6776104227984096	0.8153355198419817	0.6651333653999292	0.8928026167677375	0.8279751284701559	0.9098003472789722	0.8880153441691988	87	known-population-open-set-v1
dgcytof	unfiltered	0.7334488825558244	0.6776104227984096	0.7334488825558244	0.6776104227984096	0.8153355198419817	0.6651333653999292	0.8928026167677375	0.8279751284701559	0.9098003472789722	0.8880153441691988	87	known-population-open-set-v1
gatemeclass[E]	drop-both	0.6670364792219002	0.6683876167715112	0.6670364792219002	0.6683876167715112	0.7051662758293276	0.6985271442279726	0.7280533288807314	0.7029762746611222	0.8484251109187241	0.8408547519082383	67	known-population-open-set-v1
gatemeclass[E]	drop-train	0.5800376289175857	0.555738553130326	0.5800376289175857	0.555738553130326	0.5689237186762061	0.5338807716913525	0.7284394137006265	0.6952634455533595	0.8137826622871038	0.8144149868713927	67	known-population-open-set-v1
gatemeclass[E]	unfiltered	0.5800376289175857	0.555738553130326	0.5800376289175857	0.555738553130326	0.5689237186762061	0.5338807716913525	0.7284394137006265	0.6952634455533595	0.8137826622871038	0.8144149868713927	67	known-population-open-set-v1
gatemeclass[V]	drop-both	0.666503591702328	0.6508248469821895	0.666503591702328	0.6508248469821895	0.772675160494034	0.709973430673657	0.7073466009112094	0.6720839351269403	0.8327083317629764	0.8254682990332751	67	known-population-open-set-v1
gatemeclass[V]	drop-train	0.560958080855818	0.5322032631927548	0.560958080855818	0.5322032631927548	0.5158966435201131	0.5178269721503024	0.7071630539761617	0.6670635094777009	0.8152221704380963	0.7990616512573023	67	known-population-open-set-v1
gatemeclass[V]	unfiltered	0.560958080855818	0.5322032631927548	0.560958080855818	0.5322032631927548	0.5158966435201131	0.5178269721503024	0.7071630539761617	0.6670635094777009	0.8152221704380963	0.7990616512573023	67	known-population-open-set-v1
knn	drop-both	0.7657378819083028	0.7165029629271467	0.7657378819083028	0.7165029629271467	0.8080376660192972	0.7709187839836875	0.7458671564642534	0.7201795836303471	0.865374210259799	0.8539086424764836	87	known-population-open-set-v1
knn	drop-train	0.6631326579442234	0.5647003651700504	0.6631326579442234	0.5647003651700504	0.676423005043717	0.5573740754559019	0.7458671564642534	0.7201795836303471	0.8522328504322447	0.8316196763615111	87	known-population-open-set-v1
knn	unfiltered	0.6631326579442234	0.5647003651700504	0.6631326579442234	0.5647003651700504	0.676423005043717	0.5573740754559019	0.7458671564642534	0.7201795836303471	0.8522328504322447	0.8316196763615111	87	known-population-open-set-v1
lda	drop-both	0.8664713423826612	0.8113120664872258	0.8664713423826612	0.8113120664872258	0.8850138069291251	0.8398273316572881	0.8535497776959872	0.8133981427631499	0.9219162647011216	0.9029887925670096	87	known-population-open-set-v1
lda	drop-train	0.752256291732115	0.642221149145287	0.752256291732115	0.642221149145287	0.7529654963796605	0.6006105910709293	0.8535497776959872	0.8133981427631499	0.9037613025534341	0.8775951609251128	87	known-population-open-set-v1
lda	unfiltered	0.752256291732115	0.642221149145287	0.752256291732115	0.642221149145287	0.7529654963796605	0.6006105910709293	0.8535497776959872	0.8133981427631499	0.9037613025534341	0.8775951609251128	87	known-population-open-set-v1
random	drop-both	0.17297651724080987	0.1294495238888423	0.17297651724080987	0.1294495238888423	0.1997670910035976	0.16091433315767872	0.19966775110013812	0.1609766983269029	0.49988654259345633	0.49987875895065653	87	known-population-open-set-v1
random	drop-train	0.13488510082256328	0.10379697864028309	0.13488510082256328	0.10379697864028309	0.1297789035094479	0.11271538608976377	0.19968311044411183	0.16066961149758727	0.4999378316619952	0.4997324530654005	87	known-population-open-set-v1
random	unfiltered	0.13488510082256328	0.10379697864028309	0.13488510082256328	0.10379697864028309	0.1297789035094479	0.11271538608976377	0.19968311044411183	0.16066961149758727	0.4999378316619952	0.4997324530654005	87	known-population-open-set-v1
