model	stratification	median_f1_weighted	mean_f1_weighted	median_precision_weighted	mean_precision_weighted	median_recall_weighted	mean_recall_weighted	n_runs	metric_semantics_version
cyanno	drop-both	0.9869108961820552	0.9606958531556151	0.9904869713391643	0.9782903016912076	0.9837575629316457	0.9548564790709759	87	known-population-open-set-v1
cyanno	drop-train	0.9336362975259488	0.8588187220386452	0.9549200517119838	0.8270634539470356	0.9837575629316457	0.9548564732924198	87	known-population-open-set-v1
cyanno	unfiltered	0.9336362975259488	0.8588187251211978	0.9549200517119838	0.8270634575277213	0.9837575629316457	0.9548564732924198	87	known-population-open-set-v1
cygate	drop-both	0.9213885303466662	0.9128741186752106	0.9615403853046044	0.9520186000308385	0.9129263104546418	0.8953929057602015	87	known-population-open-set-v1
cygate	drop-train	0.8654470030063018	0.8022199378111666	0.8887405768668131	0.7914204070113939	0.9080698119197015	0.8769268967501044	87	known-population-open-set-v1
cygate	unfiltered	0.8701781441396489	0.8120593175967247	0.8974400395631001	0.796381468225114	0.9099248366124368	0.9011283441882453	87	known-population-open-set-v1
dgcytof	drop-both	0.9827723042142937	0.9558265649717439	0.989957221030688	0.9745497467102977	0.9762018090159716	0.9488466712533979	87	known-population-open-set-v1
dgcytof	drop-train	0.901593447011557	0.8286513281019476	0.8977175551907741	0.7877076938130184	0.9762018090159716	0.9488466712533979	87	known-population-open-set-v1
dgcytof	unfiltered	0.901593447011557	0.8286513281019476	0.8977175551907741	0.7877076938130184	0.9762018090159716	0.9488466712533979	87	known-population-open-set-v1
gatemeclass[E]	drop-both	0.8206860276096847	0.8123841155428047	0.8674863016490096	0.8434729023470254	0.8270652907591081	0.8135257304632414	67	known-population-open-set-v1
gatemeclass[E]	drop-train	0.7349430364750117	0.7094359761979041	0.667739765997221	0.6824925941824801	0.8258890813760165	0.8141401113685973	67	known-population-open-set-v1
gatemeclass[E]	unfiltered	0.7349430364750117	0.7094359761979041	0.667739765997221	0.6824925941824801	0.8258890813760165	0.8141401113685973	67	known-population-open-set-v1
gatemeclass[V]	drop-both	0.864683410972389	0.8276554325611615	0.8974038530125331	0.87111277115272	0.8408947292049261	0.8268029946759675	67	known-population-open-set-v1
gatemeclass[V]	drop-train	0.7413463222972924	0.7164017047147989	0.7046647068124202	0.6897341079608253	0.8408947292049261	0.825957198908036	67	known-population-open-set-v1
gatemeclass[V]	unfiltered	0.7413463222972924	0.7164017047147989	0.7046647068124202	0.6897341079608253	0.8408947292049261	0.825957198908036	67	known-population-open-set-v1
knn	drop-both	0.8783913497817896	0.8323247388825264	0.9343708951803302	0.9343833876015667	0.8345198147470222	0.7985597487651436	87	known-population-open-set-v1
knn	drop-train	0.7750648553381813	0.7088517058611817	0.8290718774891759	0.7491576313566602	0.8345198147470222	0.7985597487651436	87	known-population-open-set-v1
knn	unfiltered	0.7750648553381813	0.7088517058611817	0.8290718774891759	0.7491576313566602	0.8345198147470222	0.7985597487651436	87	known-population-open-set-v1
lda	drop-both	0.9486067927995913	0.9371374328294046	0.9617377748121596	0.9572998472561928	0.944669286804366	0.9265098207199565	87	known-population-open-set-v1
lda	drop-train	0.8913594221009385	0.8188682279919298	0.8712699551963958	0.7779076196613691	0.944669286804366	0.9265098207199565	87	known-population-open-set-v1
lda	unfiltered	0.8913594221009385	0.8188682279919298	0.8712699551963958	0.7779076196613691	0.944669286804366	0.9265098207199565	87	known-population-open-set-v1
random	drop-both	0.2241417947153885	0.19797737335143578	0.3319352857073692	0.3346605232756673	0.19985169338378683	0.1654467811505424	87	known-population-open-set-v1
random	drop-train	0.20743484736928045	0.15861783430157192	0.2669714368126204	0.2343120976216665	0.1999434713007205	0.1654956589147621	87	known-population-open-set-v1
random	unfiltered	0.20743484736928045	0.15861783430157192	0.2669714368126204	0.2343120976216665	0.1999434713007205	0.1654956589147621	87	known-population-open-set-v1
