dataset	model	crossvalidation	run_id	rare_bucket	n_populations	median_f1	median_precision	median_recall	total_support	n_samples	support_share
dataset_name-FR-FCM-Z238_infection_final_seed-42	cygate	num-1	run0	1-5%	9	0.6455097087378641	0.559531363306744	0.8606134541652144	505591	2732233	0.185046809697416
dataset_name-FR-FCM-Z238_infection_final_seed-42	cygate	num-1	run0	5-20%	7	0.6602570679016869	0.6723443955751033	0.7703315179648379	1475827	2732233	0.5401541522996025
dataset_name-FR-FCM-Z238_infection_final_seed-42	cygate	num-1	run0	<1%	8	0.33371395535852577	0.264671646430666	0.3142816813987227	68806	2732233	0.0251830645483017
dataset_name-FR-FCM-Z238_infection_final_seed-42	cygate	num-1	run0	>20%	1	0.9277305770262829	0.9830981939456805	0.8782670023416114	682009	2732233	0.24961597345467976
dataset_name-FR-FCM-Z238_infection_final_seed-42	cygate	num-2	run0	1-5%	10	0.6101429272248113	0.5857968283906752	0.8153623838704379	522541	2703551	0.19327950536165214
dataset_name-FR-FCM-Z238_infection_final_seed-42	cygate	num-2	run0	5-20%	7	0.6750030726011764	0.8540566009363315	0.8214628588983756	1480304	2703551	0.5475406234245257
dataset_name-FR-FCM-Z238_infection_final_seed-42	cygate	num-2	run0	<1%	7	0.2823992985393348	0.1983130904183536	0.5212080536912752	41292	2703551	0.015273246186219532
dataset_name-FR-FCM-Z238_infection_final_seed-42	cygate	num-2	run0	>20%	1	0.9542913878908461	0.9665804370178749	0.9423109002841917	659414	2703551	0.24390662502760257
dataset_name-FR-FCM-Z238_infection_final_seed-42	cygate	num-3	run0	1-5%	9	0.5950856516894253	0.5974731301901866	0.6746639652105159	505370	2766411	0.18268073688255287
dataset_name-FR-FCM-Z238_infection_final_seed-42	cygate	num-3	run0	5-20%	7	0.7553575049294696	0.7079717667878549	0.7736367675998223	1513159	2766411	0.5469754855659553
dataset_name-FR-FCM-Z238_infection_final_seed-42	cygate	num-3	run0	<1%	8	0.44806180235825854	0.34030317199288806	0.31293812861932335	68411	2766411	0.02472915268194061
dataset_name-FR-FCM-Z238_infection_final_seed-42	cygate	num-3	run0	>20%	1	0.9541266162828973	0.9548051159459164	0.9534490802403635	679471	2766411	0.24561462486955118
dataset_name-FR-FCM-Z238_infection_final_seed-42	cygate	num-4	run0	1-5%	9	0.78120293398533	0.7653641990686622	0.7977110671699922	490012	2717047	0.1803472667200825
dataset_name-FR-FCM-Z238_infection_final_seed-42	cygate	num-4	run0	5-20%	7	0.703199714830604	0.7438403009547336	0.8868176355863754	1487774	2717047	0.5475702113360571
dataset_name-FR-FCM-Z238_infection_final_seed-42	cygate	num-4	run0	<1%	8	0.4644410155702062	0.36867919314727826	0.28962373031885214	64159	2717047	0.023613503925401364
dataset_name-FR-FCM-Z238_infection_final_seed-42	cygate	num-4	run0	>20%	1	0.9655129844363123	0.9580114267715433	0.9731329487988482	675102	2717047	0.248469018018459
dataset_name-FR-FCM-Z238_infection_final_seed-42	cygate	num-5	run0	1-5%	9	0.6346287241781853	0.5463237180234591	0.8254069743839565	492128	2661403	0.18491299513827858
dataset_name-FR-FCM-Z238_infection_final_seed-42	cygate	num-5	run0	5-20%	7	0.7205924382531093	0.7118151934345828	0.7751919263816157	1440015	2661403	0.54107363672469
dataset_name-FR-FCM-Z238_infection_final_seed-42	cygate	num-5	run0	<1%	8	0.4577826106933362	0.37464591010503623	0.342016692323236	62446	2661403	0.023463564142672116
dataset_name-FR-FCM-Z238_infection_final_seed-42	cygate	num-5	run0	>20%	1	0.9690577532034247	0.9620554189230733	0.9761627680282657	666814	2661403	0.2505498039943594
dataset_name-FR-FCM-Z238_infection_final_seed-42	dgcytof	num-1	run0	1-5%	9	0.7172778667079346	0.7432665023026469	0.7359379961892665	508257	2828901	0.17966588438407707
dataset_name-FR-FCM-Z238_infection_final_seed-42	dgcytof	num-1	run0	5-20%	7	0.7404142444909585	0.8539806681737404	0.7668430556494366	1567465	2828901	0.5540897330800901
dataset_name-FR-FCM-Z238_infection_final_seed-42	dgcytof	num-1	run0	<1%	8	0.4021517461385965	0.44337716336884064	0.34128403883759617	71015	2828901	0.02510338820623274
dataset_name-FR-FCM-Z238_infection_final_seed-42	dgcytof	num-1	run0	>20%	1	0.9577249124251513	0.9675895241586188	0.9480594109334413	682164	2828901	0.2411409943296001
dataset_name-FR-FCM-Z238_infection_final_seed-42	dgcytof	num-2	run0	1-5%	9	0.6994389527117286	0.7780749798327177	0.6758849557522124	500019	2768169	0.18063167386095286
dataset_name-FR-FCM-Z238_infection_final_seed-42	dgcytof	num-2	run0	5-20%	7	0.7414244975937162	0.8301734621491065	0.822480968396003	1537626	2768169	0.5554668085655174
dataset_name-FR-FCM-Z238_infection_final_seed-42	dgcytof	num-2	run0	<1%	8	0.35474716202270384	0.5833333333333334	0.20612261678070687	70364	2768169	0.025418968278309598
dataset_name-FR-FCM-Z238_infection_final_seed-42	dgcytof	num-2	run0	>20%	1	0.9448411829134721	0.9770370849783185	0.9146994667959283	660160	2768169	0.23848254929522006
dataset_name-FR-FCM-Z238_infection_final_seed-42	dgcytof	num-3	run0	1-5%	9	0.658925908323637	0.6826042518397384	0.7412521662180598	510074	2830864	0.18018315256402287
dataset_name-FR-FCM-Z238_infection_final_seed-42	dgcytof	num-3	run0	5-20%	7	0.735941269643716	0.7307991844253585	0.6922059956779839	1570816	2830864	0.5548892493599127
dataset_name-FR-FCM-Z238_infection_final_seed-42	dgcytof	num-3	run0	<1%	8	0.4713646221357001	0.4443924616083419	0.21623892947184692	70490	2830864	0.02490052506937811
dataset_name-FR-FCM-Z238_infection_final_seed-42	dgcytof	num-3	run0	>20%	1	0.956684374908783	0.948796889745772	0.9647040989927651	679484	2830864	0.2400270730066863
dataset_name-FR-FCM-Z238_infection_final_seed-42	dgcytof	num-4	run0	1-5%	9	0.6912848838504199	0.7607897246515025	0.8010783496561784	503008	2817387	0.17853706288841398
dataset_name-FR-FCM-Z238_infection_final_seed-42	dgcytof	num-4	run0	5-20%	7	0.7033554501186334	0.6910985073662008	0.8080647191533449	1564878	2817387	0.5554359411752805
dataset_name-FR-FCM-Z238_infection_final_seed-42	dgcytof	num-4	run0	<1%	8	0.3941687692738996	0.4184719886569723	0.2594235441270542	70795	2817387	0.025127893328108632
dataset_name-FR-FCM-Z238_infection_final_seed-42	dgcytof	num-4	run0	>20%	1	0.9593868639210061	0.9382709963124579	0.9814750422126812	678706	2817387	0.24089910260819689
dataset_name-FR-FCM-Z238_infection_final_seed-42	dgcytof	num-5	run0	1-5%	9	0.7010879429443857	0.7883853336369847	0.7502430625886166	504952	2800058	0.18033626446309325
dataset_name-FR-FCM-Z238_infection_final_seed-42	dgcytof	num-5	run0	5-20%	7	0.7576277855700412	0.8361262994464695	0.777408495170392	1551192	2800058	0.5539856674397459
dataset_name-FR-FCM-Z238_infection_final_seed-42	dgcytof	num-5	run0	<1%	8	0.5164094342173887	0.5417443462754317	0.07581176484875154	71424	2800058	0.025508043047679726
dataset_name-FR-FCM-Z238_infection_final_seed-42	dgcytof	num-5	run0	>20%	1	0.9624289813455127	0.9401467224285639	0.9857930972951271	672490	2800058	0.24017002504948112
dataset_name-FR-FCM-Z238_infection_final_seed-42	random	num-1	run0	1-5%	9	0.022906191907975996	0.015357205590825826	0.04334491738424267	508257	2828901	0.17966588438407707
dataset_name-FR-FCM-Z238_infection_final_seed-42	random	num-1	run0	5-20%	7	0.05330233252101259	0.06887355509322109	0.043473631371594594	1567465	2828901	0.5540897330800901
dataset_name-FR-FCM-Z238_infection_final_seed-42	random	num-1	run0	<1%	8	0.005103827884459124	0.0027044087696264513	0.044058756190923726	71015	2828901	0.02510338820623274
dataset_name-FR-FCM-Z238_infection_final_seed-42	random	num-1	run0	>20%	1	0.0733639036971422	0.24052788073805548	0.04328284694003202	682164	2828901	0.2411409943296001
dataset_name-FR-FCM-Z238_infection_final_seed-42	random	num-2	run0	1-5%	9	0.02196911196911197	0.014866230056434195	0.041707287350718984	500019	2768169	0.18063167386095286
dataset_name-FR-FCM-Z238_infection_final_seed-42	random	num-2	run0	5-20%	7	0.053009773677021706	0.07181561343397652	0.04161684730204034	1537626	2768169	0.5554668085655174
dataset_name-FR-FCM-Z238_infection_final_seed-42	random	num-2	run0	<1%	8	0.005150917055793578	0.00273551479783243	0.04031364190260536	70364	2768169	0.025418968278309598
dataset_name-FR-FCM-Z238_infection_final_seed-42	random	num-2	run0	>20%	1	0.07188951954386913	0.23908911908227035	0.042304895782840524	660160	2768169	0.23848254929522006
dataset_name-FR-FCM-Z238_infection_final_seed-42	random	num-3	run0	1-5%	9	0.0214987714987715	0.013892196554735255	0.049886157230934536	510074	2830864	0.18018315256402287
dataset_name-FR-FCM-Z238_infection_final_seed-42	random	num-3	run0	5-20%	7	0.05893083192319497	0.07199479746167825	0.04974689369535205	1570816	2830864	0.5548892493599127
dataset_name-FR-FCM-Z238_infection_final_seed-42	random	num-3	run0	<1%	8	0.007497309259617774	0.004080607024813836	0.024440323221618758	70490	2830864	0.02490052506937811
dataset_name-FR-FCM-Z238_infection_final_seed-42	random	num-3	run0	>20%	1	0.08352828286509006	0.23909989847433347	0.050603104708867315	679484	2830864	0.2400270730066863
dataset_name-FR-FCM-Z238_infection_final_seed-42	random	num-4	run0	1-5%	9	0.021818098347861515	0.013991624161864176	0.047659418139686036	503008	2817387	0.17853706288841398
dataset_name-FR-FCM-Z238_infection_final_seed-42	random	num-4	run0	5-20%	7	0.0574731603495727	0.07185874405537249	0.04756194811318009	1564878	2817387	0.5554359411752805
dataset_name-FR-FCM-Z238_infection_final_seed-42	random	num-4	run0	<1%	8	0.005516884684179902	0.0029160053763849125	0.044707855464498736	70795	2817387	0.025127893328108632
dataset_name-FR-FCM-Z238_infection_final_seed-42	random	num-4	run0	>20%	1	0.07947013346364185	0.24140587025612265	0.04756404098387225	678706	2817387	0.24089910260819689
dataset_name-FR-FCM-Z238_infection_final_seed-42	random	num-5	run0	1-5%	9	0.02156389279321488	0.014078762637552256	0.04585357538566436	504952	2800058	0.18033626446309325
dataset_name-FR-FCM-Z238_infection_final_seed-42	random	num-5	run0	5-20%	7	0.05447844305113738	0.07033235892221658	0.0453415702894907	1551192	2800058	0.5539856674397459
dataset_name-FR-FCM-Z238_infection_final_seed-42	random	num-5	run0	<1%	8	0.005215643976891594	0.0027608321601751916	0.04276057096636581	71424	2800058	0.025508043047679726
dataset_name-FR-FCM-Z238_infection_final_seed-42	random	num-5	run0	>20%	1	0.07646824101280517	0.24076626783140218	0.04545197698107035	672490	2800058	0.24017002504948112
dataset_name-FR-FCM-Z2KP_healthy_final_seed-42	cygate	num-1	run0	5-20%	5	0.93829860038892	0.9630151461782318	0.8890663798693597	840672	1515011	0.5548949809605342
dataset_name-FR-FCM-Z2KP_healthy_final_seed-42	cygate	num-1	run0	>20%	1	0.9758199221873305	0.966375336290264	0.985450937881392	674339	1515011	0.4451050190394657
dataset_name-FR-FCM-Z2KP_healthy_final_seed-42	cygate	num-2	run0	1-5%	1	0.32389548002037993	0.33512641204948895	0.31339289307416796	49698	1250408	0.03974542709259698
dataset_name-FR-FCM-Z2KP_healthy_final_seed-42	cygate	num-2	run0	5-20%	4	0.9190358008703208	0.9517650969467205	0.9104790273883316	625425	1250408	0.5001767423113096
dataset_name-FR-FCM-Z2KP_healthy_final_seed-42	cygate	num-2	run0	>20%	1	0.9729140368861139	0.9489410928681798	0.9981296227087444	575285	1250408	0.4600778305960934
dataset_name-FR-FCM-Z2KP_healthy_final_seed-42	cygate	num-3	run0	1-5%	1	0.4042100497962879	0.29490545784823713	0.6422585865851466	55610	1308093	0.042512267858630846
dataset_name-FR-FCM-Z2KP_healthy_final_seed-42	cygate	num-3	run0	5-20%	4	0.8728573831860968	0.981243652985747	0.846522570400672	617818	1308093	0.47230433921747156
dataset_name-FR-FCM-Z2KP_healthy_final_seed-42	cygate	num-3	run0	>20%	1	0.9742478203743715	0.9523585232180531	0.9971670093671464	634665	1308093	0.4851833929238976
dataset_name-FR-FCM-Z2KP_healthy_final_seed-42	cygate	num-4	run0	1-5%	1	0.7703721377603138	0.7263779527559056	0.8200390494785466	62997	1392140	0.04525191431896217
dataset_name-FR-FCM-Z2KP_healthy_final_seed-42	cygate	num-4	run0	5-20%	4	0.9416051338818177	0.9317679668668315	0.9725964167105076	661212	1392140	0.4749608516384846
dataset_name-FR-FCM-Z2KP_healthy_final_seed-42	cygate	num-4	run0	>20%	1	0.9865383893796013	0.9890114189157673	0.9840776966483065	667931	1392140	0.4797872340425532
dataset_name-FR-FCM-Z2KP_healthy_final_seed-42	cygate	num-5	run0	1-5%	1	0.7804275119965102	0.7568986320259492	0.805466157514716	59969	1388241	0.043197830924169504
dataset_name-FR-FCM-Z2KP_healthy_final_seed-42	cygate	num-5	run0	5-20%	4	0.9582018150115978	0.9582530174357307	0.98362379213268325	742760	1388241	0.5350367839589811
dataset_name-FR-FCM-Z2KP_healthy_final_seed-42	cygate	num-5	run0	>20%	1	0.9751354536953607	0.9725033549066572	0.9777818388009127	585512	1388241	0.4217653851168493
dataset_name-FR-FCM-Z2KP_healthy_final_seed-42	dgcytof	num-1	run0	5-20%	5	0.9632948232684788	0.9542870995027954	0.9733135250890625	850557	1536957	0.5534032507090308
dataset_name-FR-FCM-Z2KP_healthy_final_seed-42	dgcytof	num-1	run0	>20%	1	0.975172147899105	0.9889606800065316	0.9617628205128205	686400	1536957	0.4465967492909691
dataset_name-FR-FCM-Z2KP_healthy_final_seed-42	dgcytof	num-2	run0	5-20%	5	0.9277747545250207	0.8867651448678866	0.9572936739298714	751220	1356644	0.5537340673013701
dataset_name-FR-FCM-Z2KP_healthy_final_seed-42	dgcytof	num-2	run0	>20%	1	0.9790475477641715	0.9646727803251355	0.9938571976003594	605424	1356644	0.44626593269862985
dataset_name-FR-FCM-Z2KP_healthy_final_seed-42	dgcytof	num-3	run0	5-20%	5	0.9048659167687993	0.9208915113629725	0.8893885450226537	747225	1408466	0.5305239885094848
dataset_name-FR-FCM-Z2KP_healthy_final_seed-42	dgcytof	num-3	run0	>20%	1	0.9631403446647782	0.9402243190417685	0.9872013380900458	661241	1408466	0.4694760114905152
dataset_name-FR-FCM-Z2KP_healthy_final_seed-42	dgcytof	num-4	run0	1-5%	1	0.10601518653020799	0.38936851294984964	0.061361134890546655	65416	1421911	0.04600569233939396
dataset_name-FR-FCM-Z2KP_healthy_final_seed-42	dgcytof	num-4	run0	5-20%	4	0.9300365401032837	0.9451267226156961	0.9559192246370724	686532	1421911	0.4828234678541765
dataset_name-FR-FCM-Z2KP_healthy_final_seed-42	dgcytof	num-4	run0	>20%	1	0.9713382064992978	0.9631983774176931	0.9796167848075192	669963	1421911	0.47117083980642954
dataset_name-FR-FCM-Z2KP_healthy_final_seed-42	dgcytof	num-5	run0	1-5%	1	0.7629025249843093	0.70781182011313315	0.8272927168563864	66853	1404771	0.047589963061595096
dataset_name-FR-FCM-Z2KP_healthy_final_seed-42	dgcytof	num-5	run0	5-20%	4	0.9663829835588756	0.9707216311828122	0.9677562182394799	743179	1404771	0.5290392526611098
dataset_name-FR-FCM-Z2KP_healthy_final_seed-42	dgcytof	num-5	run0	>20%	1	0.9832899526201274	0.9910402743595743	0.9756599113224457	594739	1404771	0.423370784277295
dataset_name-FR-FCM-Z2KP_healthy_final_seed-42	random	num-1	run0	5-20%	5	0.1412625849972652	0.1235330937205979	0.16643331066446454	850557	1536957	0.5534032507090308
dataset_name-FR-FCM-Z2KP_healthy_final_seed-42	random	num-1	run0	>20%	1	0.2427032854960472	0.44562750372761	0.16676427738927738	686400	1536957	0.4465967492909691
dataset_name-FR-FCM-Z2KP_healthy_final_seed-42	random	num-2	run0	5-20%	5	0.1405783162116809	0.12260560332326419	0.16647177341875696	751220	1356644	0.5537340673013701
dataset_name-FR-FCM-Z2KP_healthy_final_seed-42	random	num-2	run0	>20%	1	0.24275026590470697	0.4456033992084398	0.1668120193451201	605424	1356644	0.44626593269862985
dataset_name-FR-FCM-Z2KP_healthy_final_seed-42	random	num-3	run0	5-20%	5	0.13513342527804842	0.11326709824117832	0.1672387834989461	747225	1408466	0.5305239885094848
dataset_name-FR-FCM-Z2KP_healthy_final_seed-42	random	num-3	run0	>20%	1	0.2468004906880785	0.4699459353857784	0.1673414080494101	661241	1408466	0.4694760114905152
dataset_name-FR-FCM-Z2KP_healthy_final_seed-42	random	num-4	run0	1-5%	1	0.07087109475106586	0.045297708949350125	0.162758346581876	65416	1421911	0.04600569233939396
dataset_name-FR-FCM-Z2KP_healthy_final_seed-42	random	num-4	run0	5-20%	4	0.14145015291009405	0.12281752025102724	0.1670639362041161	686532	1421911	0.4828234678541765
dataset_name-FR-FCM-Z2KP_healthy_final_seed-42	random	num-4	run0	>20%	1	0.24506920988144912	0.47042296494997393	0.16569422490495744	669963	1421911	0.47117083980642954
dataset_name-FR-FCM-Z2KP_healthy_final_seed-42	random	num-5	run0	1-5%	1	0.07399796493995911	0.04753084842756048	0.16697829566362019	66853	1404771	0.047589963061595096
dataset_name-FR-FCM-Z2KP_healthy_final_seed-42	random	num-5	run0	5-20%	4	0.14849283104012753	0.1337287902079084	0.166146922501559	743179	1404771	0.5290392526611098
dataset_name-FR-FCM-Z2KP_healthy_final_seed-42	random	num-5	run0	>20%	1	0.2389606318201001	0.42236297530806316	0.16661258131718285	594739	1404771	0.423370784277295
dataset_name-FR-FCM-Z2KP_virus_final_seed-42	cygate	num-1	run0	1-5%	1	0.7831594197223908	0.7221887900634275	0.8553741981468282	140300	3768363	0.03723102047228465
dataset_name-FR-FCM-Z2KP_virus_final_seed-42	cygate	num-1	run0	5-20%	3	0.9352444897882831	0.9782039750055023	0.9442571886840698	1241147	3768363	0.3293597246337468
dataset_name-FR-FCM-Z2KP_virus_final_seed-42	cygate	num-1	run0	>20%	2	0.9752466461964246	0.969816334027341	0.980743705408949	2386916	3768363	0.6334092548939686
dataset_name-FR-FCM-Z2KP_virus_final_seed-42	cygate	num-2	run0	1-5%	1	0.2401218943169665	0.3294170962442644	0.1889131451738656	153912	3789323	0.04061728176774585
dataset_name-FR-FCM-Z2KP_virus_final_seed-42	cygate	num-2	run0	5-20%	3	0.8895033079885455	0.9535887762209974	0.9318317460407256	1161717	3789323	0.3065763990031993
dataset_name-FR-FCM-Z2KP_virus_final_seed-42	cygate	num-2	run0	>20%	2	0.9703089344024123	0.9559743837390922	0.9852435338104868	2473694	3789323	0.6528063192290549
dataset_name-FR-FCM-Z2KP_virus_final_seed-42	cygate	num-3	run0	1-5%	1	0.18844211112436862	0.38096769654451523	0.12518081600031705	151397	3586312	0.04221523392275965
dataset_name-FR-FCM-Z2KP_virus_final_seed-42	cygate	num-3	run0	5-20%	3	0.8721325574832355	0.9814502116229655	0.9801915188036364	1064068	3586312	0.29670257356303636
dataset_name-FR-FCM-Z2KP_virus_final_seed-42	cygate	num-3	run0	>20%	2	0.96792015334802906	0.9509977081750451	0.9857938302944725	2370847	3586312	0.661082192514204
dataset_name-FR-FCM-Z2KP_virus_final_seed-42	cygate	num-4	run0	1-5%	1	0.5936990168169749	0.7872259439707674	0.47654743892042184	130199	3674391	0.035434171268109466
dataset_name-FR-FCM-Z2KP_virus_final_seed-42	cygate	num-4	run0	5-20%	3	0.8898176598591345	0.9802562508281774	0.9702812171705825	1053314	3674391	0.2866635586686338
dataset_name-FR-FCM-Z2KP_virus_final_seed-42	cygate	num-4	run0	>20%	2	0.9774533055564242	0.9615818985883715	0.9940485318730581	2490878	3674391	0.6779022700632568
dataset_name-FR-FCM-Z2KP_virus_final_seed-42	cygate	num-5	run0	1-5%	1	0.23858807402330362	0.24938110438042776	0.22869051703371704	136993	3694040	0.03708487184762482
dataset_name-FR-FCM-Z2KP_virus_final_seed-42	cygate	num-5	run0	5-20%	3	0.8620572741395973	0.9511721158369222	0.993671144502062	1109550	3694040	0.3003622050654568
dataset_name-FR-FCM-Z2KP_virus_final_seed-42	cygate	num-5	run0	>20%	2	0.9644241129424328	0.9634139393180583	0.9667401430403152	2447497	3694040	0.6625529230869184
dataset_name-FR-FCM-Z2KP_virus_final_seed-42	dgcytof	num-1	run0	1-5%	1	0.594268856923135	0.5572789823375026	0.6365183104677541	148112	3804850	0.0389271587579011
dataset_name-FR-FCM-Z2KP_virus_final_seed-42	dgcytof	num-1	run0	5-20%	3	0.8816935456656656	0.9364162414716635	0.8883942174568344	1244293	3804850	0.3270281351433039
dataset_name-FR-FCM-Z2KP_virus_final_seed-42	dgcytof	num-1	run0	>20%	2	0.9299389565019622	0.9719771370309374	0.8987291513759416	2412445	3804850	0.6340447060987949
dataset_name-FR-FCM-Z2KP_virus_final_seed-42	dgcytof	num-2	run0	1-5%	1	0.009945765003138226	0.5708128078817734	0.005016586664646322	184787	3956437	0.046705406910308445
dataset_name-FR-FCM-Z2KP_virus_final_seed-42	dgcytof	num-2	run0	5-20%	3	0.9401902604998478	0.9359518634002748	0.9444672188322963	1240514	3956437	0.31354322083227915
dataset_name-FR-FCM-Z2KP_virus_final_seed-42	dgcytof	num-2	run0	>20%	2	0.9614127613689907	0.9352543876910703	0.9913217225879177	2531136	3956437	0.6397513722574124
dataset_name-FR-FCM-Z2KP_virus_final_seed-42	dgcytof	num-3	run0	1-5%	1	0.09730818326527085	0.49768506476616553	0.05392593427653458	177410	3871161	0.045828628672380196
dataset_name-FR-FCM-Z2KP_virus_final_seed-42	dgcytof	num-3	run0	5-20%	3	0.9011588170018715	0.9611510994705206	0.9740777838757072	1222543	3871161	0.3158078416268401
dataset_name-FR-FCM-Z2KP_virus_final_seed-42	dgcytof	num-3	run0	>20%	2	0.979639843834176	0.9681401196633758	0.9916303632108138	2471208	3871161	0.6383635297007797
dataset_name-FR-FCM-Z2KP_virus_final_seed-42	dgcytof	num-4	run0	1-5%	1	0.7795303189624956	0.800034732343875	0.7600506731874024	169715	3907351	0.04343479764167591
dataset_name-FR-FCM-Z2KP_virus_final_seed-42	dgcytof	num-4	run0	5-20%	3	0.925886436070559	0.9367374565831619	0.9308895314672702	1217171	3907351	0.311507975608027
dataset_name-FR-FCM-Z2KP_virus_final_seed-42	dgcytof	num-4	run0	>20%	2	0.9785288963786425	0.9702501731998674	0.9870247457068785	2520465	3907351	0.6450572267502971
dataset_name-FR-FCM-Z2KP_virus_final_seed-42	dgcytof	num-5	run0	1-5%	1	0.6107293962357544	0.6609020590617208	0.5676369909904976	182585	3978798	0.045889487227046964
dataset_name-FR-FCM-Z2KP_virus_final_seed-42	dgcytof	num-5	run0	5-20%	3	0.9118223571788344	0.9052866679756528	0.9184531010398013	1254966	3978798	0.3154133484534777
dataset_name-FR-FCM-Z2KP_virus_final_seed-42	dgcytof	num-5	run0	>20%	2	0.9766231948203783	0.9842222444935878	0.9695260055798147	2541247	3978798	0.6386971643194754
dataset_name-FR-FCM-Z2KP_virus_final_seed-42	random	num-1	run0	1-5%	1	0.06345621801962442	0.03913105121378724	0.16771092146483743	148112	3804850	0.0389271587579011
dataset_name-FR-FCM-Z2KP_virus_final_seed-42	random	num-1	run0	5-20%	3	0.13047553440413212	0.10730028522263867	0.16602418438565167	1244293	3804850	0.3270281351433039
dataset_name-FR-FCM-Z2KP_virus_final_seed-42	random	num-1	run0	>20%	2	0.21452385470634888	0.31618045891538255	0.16589503195754546	2412445	3804850	0.6340447060987949
dataset_name-FR-FCM-Z2KP_virus_final_seed-42	random	num-2	run0	1-5%	1	0.07285702470550705	0.04660337402865551	0.16685156423341468	184787	3956437	0.046705406910308445
dataset_name-FR-FCM-Z2KP_virus_final_seed-42	random	num-2	run0	5-20%	3	0.1284214843677175	0.1039581173324399	0.16620557474089065	1240514	3956437	0.31354322083227915
dataset_name-FR-FCM-Z2KP_virus_final_seed-42	random	num-2	run0	>20%	2	0.21283546411045007	0.3197378888637816	0.16598564665430843	2531136	3956437	0.6397513722574124
dataset_name-FR-FCM-Z2KP_virus_final_seed-42	random	num-3	run0	1-5%	1	0.07186938482541884	0.04578258908434822	0.1670593540386675	177410	3871161	0.045828628672380196
dataset_name-FR-FCM-Z2KP_virus_final_seed-42	random	num-3	run0	5-20%	3	0.1294102811828319	0.10525422892324396	0.16600602373325962	1222543	3871161	0.3158078416268401
dataset_name-FR-FCM-Z2KP_virus_final_seed-42	random	num-3	run0	>20%	2	0.21568291742179374	0.319751504894365	0.1670268404304147	2471208	3871161	0.6383635297007797
dataset_name-FR-FCM-Z2KP_virus_final_seed-42	random	num-4	run0	1-5%	1	0.06879855227601257	0.04336112833801018	0.16643785169254338	169715	3907351	0.04343479764167591
dataset_name-FR-FCM-Z2KP_virus_final_seed-42	random	num-4	run0	5-20%	3	0.12542714532539834	0.10021766107149377	0.16736387067495942	1217171	3907351	0.311507975608027
dataset_name-FR-FCM-Z2KP_virus_final_seed-42	random	num-4	run0	>20%	2	0.21510134021666089	0.32211327337417994	0.16657202769810686	2520465	3907351	0.6450572267502971
dataset_name-FR-FCM-Z2KP_virus_final_seed-42	random	num-5	run0	1-5%	1	0.07213165234590127	0.04601668278529981	0.1667825944080839	182585	3978798	0.045889487227046964
dataset_name-FR-FCM-Z2KP_virus_final_seed-42	random	num-5	run0	5-20%	3	0.1286166577850224	0.1048351218925662	0.16635344173777827	1254966	3978798	0.3154133484534777
dataset_name-FR-FCM-Z2KP_virus_final_seed-42	random	num-5	run0	>20%	2	0.2135637680375253	0.3188282634936356	0.1658331746262956	2541247	3978798	0.6386971643194754
dataset_name-FR-FCM-Z3YR_seed-42	cygate	num-1	run0	1-5%	4	0.9728954451399414	0.9803488780886186	0.9791123495485484	1880014	16209847	0.11597974983971163
dataset_name-FR-FCM-Z3YR_seed-42	cygate	num-1	run0	5-20%	3	0.9705702219311817	0.9589156607692187	0.965391051818873	3430782	16209847	0.21164801863953436
dataset_name-FR-FCM-Z3YR_seed-42	cygate	num-1	run0	<1%	20	0.8593589597353712	0.8606284658040665	0.8825913268250023	954499	16209847	0.058883899397693264
dataset_name-FR-FCM-Z3YR_seed-42	cygate	num-1	run0	>20%	1	0.9964768167173761	0.9999559520077379	0.9930218073172125	9944552	16209847	0.6134883321230608
dataset_name-FR-FCM-Z3YR_seed-42	cygate	num-2	run0	1-5%	4	0.9720259452744777	0.9714208348523848	0.9852527293265063	1943481	16287863	0.11932080961142662
dataset_name-FR-FCM-Z3YR_seed-42	cygate	num-2	run0	5-20%	3	0.9707421508469	0.970729866059684	0.9793874578155254	3412910	16287863	0.2095370031047044
dataset_name-FR-FCM-Z3YR_seed-42	cygate	num-2	run0	<1%	20	0.8730664520173881	0.8847735086783531	0.8334457539145029	972395	16287863	0.05970058810047702
dataset_name-FR-FCM-Z3YR_seed-42	cygate	num-2	run0	>20%	1	0.9989359418286725	0.9998839058848952	0.9979897735502999	9959077	16287863	0.6114415991833919
dataset_name-FR-FCM-Z3YR_seed-42	cygate	num-3	run0	1-5%	4	0.9808649485101438	0.9795207625592323	0.9773755906702619	1833553	15674629	0.11697584676485803
dataset_name-FR-FCM-Z3YR_seed-42	cygate	num-3	run0	5-20%	3	0.978525407786089	0.9814374083048976	0.9781077683070496	3301381	15674629	0.210619402857956
dataset_name-FR-FCM-Z3YR_seed-42	cygate	num-3	run0	<1%	20	0.8608743095838065	0.865734832169947	0.8804612891454459	936556	15674629	0.059749803328678464
dataset_name-FR-FCM-Z3YR_seed-42	cygate	num-3	run0	>20%	1	0.9987110410462281	0.9997663543355985	0.9976579533004781	9603139	15674629	0.6126549470485075
dataset_name-FR-FCM-Z3YR_seed-42	cygate	num-4	run0	1-5%	4	0.9830868435855292	0.9822921448054048	0.9848154123733284	1813291	15734492	0.1152430596424721
dataset_name-FR-FCM-Z3YR_seed-42	cygate	num-4	run0	5-20%	3	0.9737676996126873	0.9646704064211437	0.9757591598673704	3312785	15734492	0.21054286341116066
dataset_name-FR-FCM-Z3YR_seed-42	cygate	num-4	run0	<1%	20	0.8097833349341219	0.8593588908062406	0.8223569639113057	948229	15734492	0.06026435426069046
dataset_name-FR-FCM-Z3YR_seed-42	cygate	num-4	run0	>20%	1	0.9993665371173881	0.9998356668434336	0.9988978474226223	9660187	15734492	0.6139497226856768
dataset_name-FR-FCM-Z3YR_seed-42	cygate	num-5	run0	1-5%	4	0.9608173245741135	0.9780707743828263	0.9760593399923061	1897331	15536797	0.1221185421937353
dataset_name-FR-FCM-Z3YR_seed-42	cygate	num-5	run0	5-20%	3	0.9786160024667433	0.9660467582506751	0.9836570128930306	3229142	15536797	0.207838333731206
dataset_name-FR-FCM-Z3YR_seed-42	cygate	num-5	run0	<1%	20	0.82958800340759975	0.8548585381209031	0.8788434843205966	946480	15536797	0.060918605038091184
dataset_name-FR-FCM-Z3YR_seed-42	cygate	num-5	run0	>20%	1	0.9965344336908393	0.9999787208552854	0.9931137918165177	9463844	15536797	0.6091245190369675
dataset_name-FR-FCM-Z3YR_seed-42	dgcytof	num-1	run0	1-5%	4	0.9667625199243506	0.9718549220008255	0.9772442060859106	2048216	16665728	0.12289988172133855
dataset_name-FR-FCM-Z3YR_seed-42	dgcytof	num-1	run0	5-20%	3	0.9832632313989712	0.9886479921195834	0.9906745721812646	3487595	16665728	0.2092674859448084
dataset_name-FR-FCM-Z3YR_seed-42	dgcytof	num-1	run0	<1%	20	0.8875586320682379	0.9279596574081486	0.8515567690840684	1084537	16665728	0.06507588507384736
dataset_name-FR-FCM-Z3YR_seed-42	dgcytof	num-1	run0	>20%	1	0.9991576447001654	0.9985419241788642	0.9997741250206562	10045380	16665728	0.6027567472600057
dataset_name-FR-FCM-Z3YR_seed-42	dgcytof	num-2	run0	1-5%	4	0.9727818976419144	0.9790624792986478	0.9802524860762734	2048730	16671781	0.12288609117406232
dataset_name-FR-FCM-Z3YR_seed-42	dgcytof	num-2	run0	5-20%	3	0.9750977308807078	0.9542850011195659	0.9937376899201947	3488536	16671781	0.2092479501740096
dataset_name-FR-FCM-Z3YR_seed-42	dgcytof	num-2	run0	<1%	20	0.8915123942560014	0.9427944067929659	0.9037867759228035	1085385	16671781	0.0651031224558432
dataset_name-FR-FCM-Z3YR_seed-42	dgcytof	num-2	run0	>20%	1	0.9991965443499313	0.9987675196691274	0.9996259377677471	10049130	16671781	0.6027628361960848
dataset_name-FR-FCM-Z3YR_seed-42	dgcytof	num-3	run0	1-5%	4	0.9851668100205895	0.987061140024222	0.9818845150112104	1968317	16028386	0.12280194649667159
dataset_name-FR-FCM-Z3YR_seed-42	dgcytof	num-3	run0	5-20%	3	0.9917684893260986	0.9934877164234852	0.9915590580943796	3348586	16028386	0.20891598193355213
dataset_name-FR-FCM-Z3YR_seed-42	dgcytof	num-3	run0	<1%	20	0.9380923918849161	0.9422819972358085	0.9487079476380355	1044257	16028386	0.06515047740926629
dataset_name-FR-FCM-Z3YR_seed-42	dgcytof	num-3	run0	>20%	1	0.9994572812406041	0.9989976360373977	0.9999173496099087	9667226	16028386	0.60313159416051
dataset_name-FR-FCM-Z3YR_seed-42	dgcytof	num-4	run0	1-5%	4	0.9839989346827925	0.9833931755771981	0.9842171032767231	1984531	16163956	0.12277508055577484
dataset_name-FR-FCM-Z3YR_seed-42	dgcytof	num-4	run0	5-20%	3	0.9911280982943138	0.985823345479734	0.9957391349407556	3380309	16163956	0.20912634258593626
dataset_name-FR-FCM-Z3YR_seed-42	dgcytof	num-4	run0	<1%	20	0.9569410837881943	0.953675287933373	0.9396643380940404	1050948	16163956	0.06501799435732193
dataset_name-FR-FCM-Z3YR_seed-42	dgcytof	num-4	run0	>20%	1	0.9995261234875732	0.999294246214866	0.9997581083953415	9748168	16163956	0.603080582500967
dataset_name-FR-FCM-Z3YR_seed-42	dgcytof	num-5	run0	1-5%	4	0.9834613175459292	0.9846947152362377	0.9828474620555169	1979018	16114380	0.1228106821360797
dataset_name-FR-FCM-Z3YR_seed-42	dgcytof	num-5	run0	5-20%	3	0.9809827725256753	0.9912177139314176	0.9937038287393757	3370957	16114380	0.20918936999127488
dataset_name-FR-FCM-Z3YR_seed-42	dgcytof	num-5	run0	<1%	20	0.9437975366639066	0.945086876462633	0.9426419235802762	1048991	16114380	0.06509657833562321
dataset_name-FR-FCM-Z3YR_seed-42	dgcytof	num-5	run0	>20%	1	0.9995990613755118	0.999415576651958	0.9997826134840986	9715414	16114380	0.6029033695370222
dataset_name-FR-FCM-Z3YR_seed-42	random	num-1	run0	1-5%	4	0.03189638199556022	0.02871826718848193	0.035744657415233985	2048216	16665728	0.12289988172133855
dataset_name-FR-FCM-Z3YR_seed-42	random	num-1	run0	5-20%	3	0.046077125532827876	0.06365685927922039	0.03568794088952695	3487595	16665728	0.2092674859448084
dataset_name-FR-FCM-Z3YR_seed-42	random	num-1	run0	<1%	20	0.005654160113832098	0.0030710563111732555	0.035587098534238054	1084537	16665728	0.06507588507384736
dataset_name-FR-FCM-Z3YR_seed-42	random	num-1	run0	>20%	1	0.06736574151048325	0.6030193454158751	0.03567560410855537	10045380	16665728	0.6027567472600057
dataset_name-FR-FCM-Z3YR_seed-42	random	num-2	run0	1-5%	4	0.03141072346765798	0.02879878210818028	0.03451455315009436	2048730	16671781	0.12288609117406232
dataset_name-FR-FCM-Z3YR_seed-42	random	num-2	run0	5-20%	3	0.04441448757111506	0.06291264035668549	0.03433289842640582	3488536	16671781	0.2092479501740096
dataset_name-FR-FCM-Z3YR_seed-42	random	num-2	run0	<1%	20	0.005582182354496464	0.0030386015031195323	0.03455848021319637	1085385	16671781	0.0651031224558432
dataset_name-FR-FCM-Z3YR_seed-42	random	num-2	run0	>20%	1	0.0652345929008295	0.6034040804385531	0.03448119389439683	10049130	16671781	0.6027628361960848
dataset_name-FR-FCM-Z3YR_seed-42	random	num-3	run0	1-5%	4	0.03106150673419768	0.028404849347612497	0.03453011201551483	1968317	16028386	0.12280194649667159
dataset_name-FR-FCM-Z3YR_seed-42	random	num-3	run0	5-20%	3	0.04495970881096961	0.06389929349452662	0.03468049896287312	3348586	16028386	0.20891598193355213
dataset_name-FR-FCM-Z3YR_seed-42	random	num-3	run0	<1%	20	0.0055826875642364234	0.003044270261807336	0.03512452444662385	1044257	16028386	0.06515047740926629
dataset_name-FR-FCM-Z3YR_seed-42	random	num-3	run0	>20%	1	0.06522829993044517	0.6037369803459831	0.034476591319991895	9667226	16028386	0.60313159416051
dataset_name-FR-FCM-Z3YR_seed-42	random	num-4	run0	1-5%	4	0.031233164281593125	0.028569097983603627	0.034424397310823945	1984531	16163956	0.12277508055577484
dataset_name-FR-FCM-Z3YR_seed-42	random	num-4	run0	5-20%	3	0.04519976478961037	0.06371772089076734	0.03481766020504163	3380309	16163956	0.20912634258593626
dataset_name-FR-FCM-Z3YR_seed-42	random	num-4	run0	<1%	20	0.005603562034277771	0.003052230289263636	0.034665527079567174	1050948	16163956	0.06501799435732193
dataset_name-FR-FCM-Z3YR_seed-42	random	num-4	run0	>20%	1	0.06524743603204915	0.6038260788349696	0.0344869928380389	9748168	16163956	0.603080582500967
dataset_name-FR-FCM-Z3YR_seed-42	random	num-5	run0	1-5%	4	0.03138600507808215	0.028776452601507393	0.03462739441552136	1979018	16114380	0.1228106821360797
dataset_name-FR-FCM-Z3YR_seed-42	random	num-5	run0	5-20%	3	0.04485060002966226	0.06340615592707391	0.03446262610215267	3370957	16114380	0.20918936999127488
dataset_name-FR-FCM-Z3YR_seed-42	random	num-5	run0	<1%	20	0.00550017202507277	0.0029939303065432844	0.0343904677338126	1048991	16114380	0.06509657833562321
dataset_name-FR-FCM-Z3YR_seed-42	random	num-5	run0	>20%	1	0.0657069375512931	0.6039751357193214	0.034743347015371656	9715414	16114380	0.6029033695370222
dataset_name-Samusik_seed-42	cygate	num-1	run0	1-5%	4	0.7294451048003217	0.6007929828571061	0.9677163023090882	60627	733815	0.08261891621185176
dataset_name-Samusik_seed-42	cygate	num-1	run0	5-20%	5	0.8201466722014668	0.6965506219034099	0.9935822503380779	356988	733815	0.4864822877700783
dataset_name-Samusik_seed-42	cygate	num-1	run0	<1%	15	0.4985996888197377	0.37669850665949145	0.9262917933130699	42244	733815	0.05756764307080122
dataset_name-Samusik_seed-42	cygate	num-1	run0	>20%	1	0.4083991691219288	0.9896659693068056	0.25728584152199624	273956	733815	0.3733311529472687
dataset_name-Samusik_seed-42	cygate	num-2	run0	1-5%	5	0.8084741337510724	0.6804796885791423	0.9831821858900669	68140	706227	0.09648455808118353
dataset_name-Samusik_seed-42	cygate	num-2	run0	5-20%	5	0.8614562679706476	0.7599919007390575	0.9941874153864265	349172	706227	0.4944189332891549
dataset_name-Samusik_seed-42	cygate	num-2	run0	<1%	14	0.4909695156453481	0.3429888959281281	0.92393610129574	34003	706227	0.04814740869437164
dataset_name-Samusik_seed-42	cygate	num-2	run0	>20%	1	0.4478543989221927	0.9886263162125231	0.2894999058498619	254912	706227	0.36094909993528995
dataset_name-Samusik_seed-42	cygate	num-3	run0	1-5%	4	0.7254208300607723	0.5973161934268199	0.9770340415121863	62137	733150	0.08475346109254586
dataset_name-Samusik_seed-42	cygate	num-3	run0	5-20%	5	0.8427813707705655	0.7310034033965556	0.9941656942823804	351749	733150	0.47977767169064994
dataset_name-Samusik_seed-42	cygate	num-3	run0	<1%	15	0.4705767957629924	0.31347908417972115	0.9237883832778394	41615	733150	0.05676191775216531
dataset_name-Samusik_seed-42	cygate	num-3	run0	>20%	1	0.41500923982835847	0.9908495132430521	0.2624716818717157	277649	733150	0.3787069494646389
dataset_name-Samusik_seed-42	cygate	num-4	run0	1-5%	4	0.7248052701190271	0.5960101463766413	0.9791149825832695	61354	721569	0.0850285974037133
dataset_name-Samusik_seed-42	cygate	num-4	run0	5-20%	5	0.8636349162882817	0.7625875816772946	0.9944935583926766	349176	721569	0.4839121414584052
dataset_name-Samusik_seed-42	cygate	num-4	run0	<1%	15	0.496093390936667	0.3302937576499388	0.9395546129374337	41350	721569	0.05730567693456897
dataset_name-Samusik_seed-42	cygate	num-4	run0	>20%	1	0.42875489592171173	0.9906814367237328	0.27357808438608916	269689	721569	0.3737535842033125
dataset_name-Samusik_seed-42	cygate	num-5	run0	1-5%	5	0.7847772615468708	0.6476093820478124	0.9697397954942223	69612	738262	0.094291728410781
dataset_name-Samusik_seed-42	cygate	num-5	run0	5-20%	5	0.8361134229682683	0.7194891917245831	0.9974056552355621	359898	738262	0.48749359983312157
dataset_name-Samusik_seed-42	cygate	num-5	run0	<1%	14	0.5131731886865555	0.3358816098532171	0.915521569317677	34752	738262	0.04707271944106564
dataset_name-Samusik_seed-42	cygate	num-5	run0	>20%	1	0.39412114240218243	0.9954310892933714	0.2457007299270073	274000	738262	0.3711419523150318
dataset_name-Samusik_seed-42	dgcytof	num-1	run0	1-5%	4	0.8969550001678919	0.8669176616320473	0.9307284672188438	60632	755903	0.08021134986896467
dataset_name-Samusik_seed-42	dgcytof	num-1	run0	5-20%	5	0.9366302132415788	0.9235701514622167	0.9511312408728227	359721	755903	0.4758824875678493
dataset_name-Samusik_seed-42	dgcytof	num-1	run0	<1%	15	0.6457824471170646	0.7352044714411891	0.6782655246252677	42288	755903	0.05594368589620626
dataset_name-Samusik_seed-42	dgcytof	num-1	run0	>20%	1	0.8603112315858192	0.8966217265580512	0.8268272057068423	293262	755903	0.38796247666697975
dataset_name-Samusik_seed-42	dgcytof	num-2	run0	1-5%	3	0.9043598138893676	0.8513951979234263	0.9643513414185961	53651	760931	0.07050704991648389
dataset_name-Samusik_seed-42	dgcytof	num-2	run0	5-20%	5	0.9308057265658254	0.8946630168661589	0.9683815170630586	360913	760931	0.4743045032992479
dataset_name-Samusik_seed-42	dgcytof	num-2	run0	<1%	16	0.6788862867078911	0.7373864931728269	0.6727402295377531	48696	760931	0.06399528998030045
dataset_name-Samusik_seed-42	dgcytof	num-2	run0	>20%	1	0.8479117303815822	0.8950793111558262	0.8054664377786214	297671	760931	0.39119315680396777
dataset_name-Samusik_seed-42	dgcytof	num-3	run0	1-5%	4	0.8985228897207912	0.8821124312727233	0.9280003961264479	62140	757088	0.08207764487087367
dataset_name-Samusik_seed-42	dgcytof	num-3	run0	5-20%	5	0.9377742636884759	0.9121707363968468	0.9648566198901769	355588	757088	0.4696785578426814
dataset_name-Samusik_seed-42	dgcytof	num-3	run0	<1%	15	0.6618039581115472	0.7164979401821507	0.6053374390556838	41810	757088	0.05522475590684306
dataset_name-Samusik_seed-42	dgcytof	num-3	run0	>20%	1	0.8678636960283556	0.900271605651709	0.8377079482439926	297550	757088	0.39301904137960186
dataset_name-Samusik_seed-42	dgcytof	num-4	run0	1-5%	3	0.9068487117375027	0.8974806032603958	0.9164144561153641	53786	758138	0.07094486755709382
dataset_name-Samusik_seed-42	dgcytof	num-4	run0	5-20%	5	0.9352682958789229	0.9058510945532259	0.9684052362917833	358972	758138	0.47349163344931927
dataset_name-Samusik_seed-42	dgcytof	num-4	run0	<1%	16	0.6234887545082145	0.7433310098290625	0.5480435585086748	49174	758138	0.06486154235772379
dataset_name-Samusik_seed-42	dgcytof	num-4	run0	>20%	1	0.8665951266379469	0.887631818358815	0.8465324807735157	296206	758138	0.3907019566358631
dataset_name-Samusik_seed-42	dgcytof	num-5	run0	1-5%	4	0.8812475392720116	0.8908065421885902	0.9269133913210265	62165	764362	0.08132926545275668
dataset_name-Samusik_seed-42	dgcytof	num-5	run0	5-20%	5	0.9368649140686065	0.9206774084036247	0.9529709625380892	364155	764362	0.4764169333378687
dataset_name-Samusik_seed-42	dgcytof	num-5	run0	<1%	15	0.6898247372283338	0.7352486507561596	0.6265432098765432	42227	764362	0.05524476622333397
dataset_name-Samusik_seed-42	dgcytof	num-5	run0	>20%	1	0.8601889678880615	0.8919052337758032	0.8306509135777429	295815	764362	0.38700903498604067
dataset_name-Samusik_seed-42	random	num-1	run0	1-5%	4	0.024984223253920745	0.018684407739242036	0.040363529939189464	60632	755903	0.08021134986896467
dataset_name-Samusik_seed-42	random	num-1	run0	5-20%	5	0.05708203047036125	0.10172075062665131	0.03967453586981435	359721	755903	0.4758824875678493
dataset_name-Samusik_seed-42	random	num-1	run0	<1%	15	0.006320651513309833	0.0034356314624558156	0.03866619368570415	42288	755903	0.05594368589620626
dataset_name-Samusik_seed-42	random	num-1	run0	>20%	1	0.07207603108336867	0.3898690950483779	0.03970852002646098	293262	755903	0.38796247666697975
dataset_name-Samusik_seed-42	random	num-2	run0	1-5%	3	0.03350257865909727	0.027146096533851635	0.040870780568379145	53651	760931	0.07050704991648389
dataset_name-Samusik_seed-42	random	num-2	run0	5-20%	5	0.05708151677511088	0.0983197093551317	0.04021440607130063	360913	760931	0.4743045032992479
dataset_name-Samusik_seed-42	random	num-2	run0	<1%	16	0.006140612808364325	0.0033502318059737118	0.03983970201118938	48696	760931	0.06399528998030045
dataset_name-Samusik_seed-42	random	num-2	run0	>20%	1	0.07210642393257295	0.3920066334991708	0.03970490911106557	297671	760931	0.39119315680396777
dataset_name-Samusik_seed-42	random	num-3	run0	1-5%	4	0.026675238040493328	0.020374533949703993	0.04053275888109875	62140	757088	0.08207764487087367
dataset_name-Samusik_seed-42	random	num-3	run0	5-20%	5	0.056722810673149264	0.09830474470859665	0.04048222480991849	355588	757088	0.4696785578426814
dataset_name-Samusik_seed-42	random	num-3	run0	<1%	15	0.006272806779456559	0.0034152108235912257	0.0384189139268563	41810	757088	0.05522475590684306
dataset_name-Samusik_seed-42	random	num-3	run0	>20%	1	0.07193449509690182	0.3927261817454497	0.039593345656192235	297550	757088	0.39301904137960186
dataset_name-Samusik_seed-42	random	num-4	run0	1-5%	3	0.030533117932148624	0.02456778889899909	0.04059106284493502	53786	758138	0.07094486755709382
dataset_name-Samusik_seed-42	random	num-4	run0	5-20%	5	0.05615713451724074	0.09696614964393718	0.03952338665853756	358972	758138	0.47349163344931927
dataset_name-Samusik_seed-42	random	num-4	run0	<1%	16	0.0064592900399391565	0.0035134152119446465	0.038236794171220403	49174	758138	0.06486154235772379
dataset_name-Samusik_seed-42	random	num-4	run0	>20%	1	0.07159938149696106	0.38474447991049393	0.03947252925328994	296206	758138	0.3907019566358631
dataset_name-Samusik_seed-42	random	num-5	run0	1-5%	4	0.02580548966792464	0.01948871159610338	0.03976139119756629	62165	764362	0.08132926545275668
dataset_name-Samusik_seed-42	random	num-5	run0	5-20%	5	0.057866839536302624	0.09896954281614817	0.04088643405631146	364155	764362	0.4764169333378687
dataset_name-Samusik_seed-42	random	num-5	run0	<1%	15	0.006523793555467488	0.003535553793285752	0.041456016177957536	42227	764362	0.05524476622333397
dataset_name-Samusik_seed-42	random	num-5	run0	>20%	1	0.07182579728904853	0.38773347463240165	0.039578790798302996	295815	764362	0.38700903498604067
dataset_name-Transformed_seed-42	cygate	num-1	run0	1-5%	4	0.8096979075414803	0.799570219790443	0.8652721455641808	13868	129918	0.10674425406795056
dataset_name-Transformed_seed-42	cygate	num-1	run0	5-20%	2	0.804884965088112	0.8015812983384294	0.8296687287071902	37166	129918	0.2860727535830293
dataset_name-Transformed_seed-42	cygate	num-1	run0	>20%	2	0.8807417119611411	0.9152060758001442	0.850844277673546	78884	129918	0.6071829923490202
dataset_name-Transformed_seed-42	cygate	num-2	run0	1-5%	4	0.7268297143776726	0.7585418693482863	0.7306856490096587	14345	158779	0.09034570062791679
dataset_name-Transformed_seed-42	cygate	num-2	run0	5-20%	2	0.7466826496554426	0.763954755134592	0.7308913878448366	39817	158779	0.2507699380900497
dataset_name-Transformed_seed-42	cygate	num-2	run0	>20%	2	0.8599707322052981	0.8514197645709752	0.8688613482714904	104617	158779	0.6588843612820335
dataset_name-Transformed_seed-42	cygate	num-3	run0	1-5%	4	0.8008913568125794	0.7662720747721024	0.8819852273713956	13596	136527	0.09958469753235624
dataset_name-Transformed_seed-42	cygate	num-3	run0	5-20%	2	0.8098243080100671	0.7855136026795034	0.8420649147549101	37649	136527	0.2757623034271609
dataset_name-Transformed_seed-42	cygate	num-3	run0	>20%	2	0.8527681039130355	0.8891336247234947	0.8276356956153514	85282	136527	0.6246529990404829
dataset_name-Transformed_seed-42	cygate	num-4	run0	1-5%	4	0.8132806330480749	0.8115664501364362	0.8504338118181841	14026	142677	0.0983059638203775
dataset_name-Transformed_seed-42	cygate	num-4	run0	5-20%	2	0.8308750224132087	0.8176076423443295	0.8535640742021834	37684	142677	0.26412105665243873
dataset_name-Transformed_seed-42	cygate	num-4	run0	>20%	2	0.8813394622920262	0.8956640041179433	0.8690096413788322	90967	142677	0.6375729795271837
dataset_name-Transformed_seed-42	cygate	num-5	run0	1-5%	4	0.7865147043170605	0.7935570000647321	0.7970880293637356	14432	153417	0.09407040940704094
dataset_name-Transformed_seed-42	cygate	num-5	run0	5-20%	2	0.76837610561564	0.7580758555268973	0.794324495085125	39892	153417	0.2600233350932426
dataset_name-Transformed_seed-42	cygate	num-5	run0	>20%	2	0.8612601539325316	0.8811911792253058	0.8440230834914628	99093	153417	0.6459062554997165
dataset_name-Transformed_seed-42	dgcytof	num-1	run0	1-5%	4	0.7241666675340708	0.8125174541717843	0.7497617104299554	15200	165885	0.09162974349700094
dataset_name-Transformed_seed-42	dgcytof	num-1	run0	5-20%	2	0.8143494954412677	0.8649285732835678	0.7707738452196302	40097	165885	0.24171564638152937
dataset_name-Transformed_seed-42	dgcytof	num-1	run0	>20%	2	0.8726473697697438	0.8547166573828737	0.8982342777473025	110588	165885	0.6666546101214696
dataset_name-Transformed_seed-42	dgcytof	num-2	run0	1-5%	4	0.8020244569220439	0.8686853983181309	0.7908986897728527	14491	160829	0.09010190948149899
dataset_name-Transformed_seed-42	dgcytof	num-2	run0	5-20%	2	0.833368417429275	0.8791636381457253	0.7933463251803434	40003	160829	0.248730017596329
dataset_name-Transformed_seed-42	dgcytof	num-2	run0	>20%	2	0.8941506620433903	0.8730592578875751	0.9208003836913735	106335	160829	0.661168072922172
dataset_name-Transformed_seed-42	dgcytof	num-3	run0	1-5%	4	0.7732657100817464	0.8594017495895683	0.7860034096994435	14399	163357	0.08814437091768336
dataset_name-Transformed_seed-42	dgcytof	num-3	run0	5-20%	2	0.8398189298775518	0.7868481421074695	0.9020225459794393	40124	163357	0.24562155279541129
dataset_name-Transformed_seed-42	dgcytof	num-3	run0	>20%	2	0.8666689033098611	0.8885722384309693	0.8472044761778699	108834	163357	0.6662340762869053
dataset_name-Transformed_seed-42	dgcytof	num-4	run0	1-5%	4	0.7641761195517893	0.8163053380948136	0.6999941712318101	15049	163801	0.09187367598488409
dataset_name-Transformed_seed-42	dgcytof	num-4	run0	5-20%	2	0.8251565368381977	0.8426474731200436	0.81001992297284	39895	163801	0.24355773163778
dataset_name-Transformed_seed-42	dgcytof	num-4	run0	>20%	2	0.8820637088247028	0.8711658325245242	0.8974367959549411	108857	163801	0.6645685923773359
dataset_name-Transformed_seed-42	dgcytof	num-5	run0	1-5%	4	0.7403150639736851	0.8195104331638465	0.7049994218715812	14862	161138	0.09223150343184103
dataset_name-Transformed_seed-42	dgcytof	num-5	run0	5-20%	2	0.8057051717925252	0.8950696832212479	0.7393180549476797	40532	161138	0.251535950551701
dataset_name-Transformed_seed-42	dgcytof	num-5	run0	>20%	2	0.8874777715059265	0.8581946075656525	0.9191971759646826	105744	161138	0.656232546016458
dataset_name-Transformed_seed-42	random	num-1	run0	1-5%	4	0.037257301497141175	0.021778021224621625	0.13046561120204858	15200	165885	0.09162974349700094
dataset_name-Transformed_seed-42	random	num-1	run0	5-20%	2	0.12112105243025423	0.12129832548285623	0.12227035184746911	40097	165885	0.24171564638152937
dataset_name-Transformed_seed-42	random	num-1	run0	>20%	2	0.18058745421199662	0.3283527601601047	0.12491574742741932	110588	165885	0.6666546101214696
dataset_name-Transformed_seed-42	random	num-2	run0	1-5%	4	0.03531812285775032	0.020506368894877128	0.12689070343282244	14491	160829	0.09010190948149899
dataset_name-Transformed_seed-42	random	num-2	run0	5-20%	2	0.1278654193395376	0.12762321942406168	0.13013332939267247	40003	160829	0.248730017596329
dataset_name-Transformed_seed-42	random	num-2	run0	>20%	2	0.17987393916213684	0.3341725214150738	0.12359058743301655	106335	160829	0.661168072922172
dataset_name-Transformed_seed-42	random	num-3	run0	1-5%	4	0.03385661902111115	0.019724228171521134	0.12422072326144165	14399	163357	0.08814437091768336
dataset_name-Transformed_seed-42	random	num-3	run0	5-20%	2	0.12252520563199018	0.12273365441024157	0.12312324183529566	40124	163357	0.24562155279541129
dataset_name-Transformed_seed-42	random	num-3	run0	>20%	2	0.1831496163434287	0.33518691975329107	0.12628248670488706	108834	163357	0.6662340762869053
dataset_name-Transformed_seed-42	random	num-4	run0	1-5%	4	0.036889710019767624	0.02156139196996834	0.12897623856565638	15049	163801	0.09187367598488409
dataset_name-Transformed_seed-42	random	num-4	run0	5-20%	2	0.12319759316601361	0.12242165109174094	0.1255189755211113	39895	163801	0.24355773163778
dataset_name-Transformed_seed-42	random	num-4	run0	>20%	2	0.17740955650845863	0.3311697421830766	0.12135003864127901	108857	163801	0.6645685923773359
dataset_name-Transformed_seed-42	random	num-5	run0	1-5%	4	0.03441731672363077	0.020122676239048762	0.12427131507381847	14862	161138	0.09223150343184103
dataset_name-Transformed_seed-42	random	num-5	run0	5-20%	2	0.12391722598207253	0.12554717434082513	0.12291509402367276	40532	161138	0.251535950551701
dataset_name-Transformed_seed-42	random	num-5	run0	>20%	2	0.18028858697369843	0.3263987697126426	0.12501485394922884	105744	161138	0.656232546016458
