dataset	model	crossvalidation	run_id	n_cells	f1_macro	precision_macro	recall_macro	accuracy	mcc	pop_freq_corr	overlap	runtime_seconds	scalability_seconds_per_item	throughput_events_per_sec
dataset_name-FR-FCM-Z238_infection_final_seed-42	cyanno	num-1	run0	2828901	0.7335156500348646	0.7559645113347514	0.6835957537190887	0.822856649985277	0.8019656510439944	0.9878676399194495	0.92	3.460986739002692	1.2234386212181663e-6	817368.3441546984
dataset_name-FR-FCM-Z238_infection_final_seed-42	cyanno	num-2	run0	2768169	0.7236484324822124	0.8053599542921237	0.6386719401880783	0.8243326184203349	0.8038608106492365	0.9706404614291649	0.88	2.8544569720033905	1.0311714971171885e-6	969770.7925361266
dataset_name-FR-FCM-Z238_infection_final_seed-42	cyanno	num-3	run0	2830864	0.7110246290412748	0.7264352511198223	0.592425947068948	0.7748093868161805	0.7509599982006182	0.9315729604040416	0.8	3.427151645999402	1.210638040541475e-6	826010.7203906594
dataset_name-FR-FCM-Z238_infection_final_seed-42	cyanno	num-4	run0	2817387	0.6873069448692352	0.7270290462046543	0.5883712126699535	0.7669737952223106	0.7428443139792701	0.9215309570973927	0.84	4.298042804999568	1.5255422151800828e-6	655504.6396287073
dataset_name-FR-FCM-Z238_infection_final_seed-42	cyanno	num-5	run0	2800058	0.7403914148078383	0.778588394892243	0.6101131594959655	0.8337534436786667	0.8134724695510067	0.9824541844931524	0.88	5.3445638039993355	1.908733249096746e-6	523907.67566563946
dataset_name-FR-FCM-Z238_infection_final_seed-42	cygate	num-1	run0	2732233	0.5676805503120292	0.5637123479886583	0.6277152520968524	0.692178156108941	0.6687032839335056	0.8190460348657207	0.92	3.755529882000701	1.3745276782765969e-6	727522.6361784252
dataset_name-FR-FCM-Z238_infection_final_seed-42	cygate	num-2	run0	2703551	0.5730718035109411	0.5714489606100007	0.6502254861102016	0.703174454633924	0.6813577873577829	0.8095334004777773	0.96	5.784366070998658	2.1395439076232178e-6	467389.3330428926
dataset_name-FR-FCM-Z238_infection_final_seed-42	cygate	num-3	run0	2766411	0.6229400540524387	0.5987587416461031	0.5816309555756742	0.6910994064150265	0.6659579247586064	0.8238020478153504	0.8	4.1096371640014695	1.4855483021147146e-6	673152.1274511744
dataset_name-FR-FCM-Z238_infection_final_seed-42	cygate	num-4	run0	2717047	0.6446028122221704	0.6419372753763979	0.610603068574391	0.7519777905939794	0.7280054200630408	0.9012267767884908	0.84	3.8399760800020886	1.413290266970755e-6	707568.7304798322
dataset_name-FR-FCM-Z238_infection_final_seed-42	cygate	num-5	run0	2661403	0.6094812506479941	0.6055853875072256	0.594443201192931	0.7244994463446536	0.6959292554464336	0.9258521953202855	0.88	4.46144473500317	1.6763506823292713e-6	596533.8938571676
dataset_name-FR-FCM-Z238_infection_final_seed-42	dgcytof	num-1	run0	2828901	0.6535539299353318	0.6760195449213666	0.629398090159538	0.7760444780499565	0.750335675893582	0.9796276901299158	0.92	2.8284878939957707	9.998539694375204e-7	1000146.0518905193
dataset_name-FR-FCM-Z238_infection_final_seed-42	dgcytof	num-2	run0	2768169	0.6090458114450268	0.7195962979825091	0.5908724770144221	0.7887426670842712	0.7646392694497917	0.9574844722499893	0.96	3.221894460999465	1.1639081504776136e-6	859174.3253878296
dataset_name-FR-FCM-Z238_infection_final_seed-42	dgcytof	num-3	run0	2830864	0.6595080884191153	0.677735323668607	0.5510435534749295	0.7448768291235467	0.7170824694257373	0.9302183705262386	0.8	6.856889632996172	2.4221897035661804e-6	412849.57925785246
dataset_name-FR-FCM-Z238_infection_final_seed-42	dgcytof	num-4	run0	2817387	0.6072519493776708	0.6823319312683038	0.5139011970044919	0.7236936210751309	0.6929368220995994	0.9205681823139369	0.84	3.0659107539977413	1.0882107264631167e-6	918939.6646090618
dataset_name-FR-FCM-Z238_infection_final_seed-42	dgcytof	num-5	run0	2800058	0.6707644382048117	0.722022166150279	0.5926938586792687	0.8037147801938388	0.7797235482313792	0.9809026868476216	0.88	3.7677732450029	1.3456054285314446e-6	743159.9031904705
dataset_name-FR-FCM-Z238_infection_final_seed-42	lda	num-1	run0	2383256	0.5256383901160934	0.5149225567912924	0.5902409746559437	0.6796756202439016	0.6435262364035905	0.9190254419170565	0.92	3.631828078003309	1.5238933954234498e-6	656213.8814980076
dataset_name-FR-FCM-Z238_infection_final_seed-42	lda	num-2	run0	2354472	0.4716934225900486	0.4699670585365732	0.5007845224019573	0.6508338175183226	0.6118112970220585	0.9132859332956852	0.96	4.588796559000912	1.9489705373437917e-6	513091.38893545186
dataset_name-FR-FCM-Z238_infection_final_seed-42	lda	num-3	run0	2533024	0.5132018502404062	0.4962582537368303	0.46463241835283836	0.6382264834442942	0.5983427039403536	0.9142186037326899	0.8	3.5236262820035336	1.3910749688923333e-6	718868.5170550274
dataset_name-FR-FCM-Z238_infection_final_seed-42	lda	num-4	run0	2351465	0.48492422034117183	0.48961080342888796	0.4721149443411713	0.6239910013544747	0.5798648184658256	0.94147026275685	0.84	3.956882347003557	1.6827307006498318e-6	594272.1551427231
dataset_name-FR-FCM-Z238_infection_final_seed-42	lda	num-5	run0	2296980	0.5187829437151059	0.5196412103673894	0.5211476672580472	0.6626096004318714	0.6208420857487631	0.9335964777712106	0.88	3.786758757996722	1.648581510503671e-6	606582.0789743555
dataset_name-FR-FCM-Z238_infection_final_seed-42	random	num-1	run0	2828901	0.031816527995262384	0.04331784434136501	0.0401473371885315	0.043361361885764116	-1.1266358737060777e-4	0.21747169001026834	0.92	2.437677904999873	8.617049182703365e-7	1160490.0689289987
dataset_name-FR-FCM-Z238_infection_final_seed-42	random	num-2	run0	2768169	0.029951365207893196	0.04157885021208629	0.03974470432871739	0.041665086199578136	-3.9307624757646545e-5	0.1552921652809447	0.96	2.3742871549984557	8.577103330752044e-7	1165894.7799015492
dataset_name-FR-FCM-Z238_infection_final_seed-42	random	num-3	run0	2830864	0.03628295468611496	0.046495252805835066	0.040084338349590416	0.04651336129181762	7.428685804825689e-5	0.2395173921928883	0.8	2.278472462996433	8.048682179703557e-7	1242439.4176250494
dataset_name-FR-FCM-Z238_infection_final_seed-42	random	num-4	run0	2817387	0.033938024408984906	0.04439188601449306	0.040350011907569636	0.04433256773031181	7.410039504531171e-5	0.18095763660523453	0.84	2.0500070940033766	7.276270863759138e-7	1374330.366095484
dataset_name-FR-FCM-Z238_infection_final_seed-42	random	num-5	run0	2800058	0.03402627973445402	0.045270082863728425	0.03992433878219395	0.04518227836709097	-8.503660719141442e-5	0.2655828445387326	0.88	2.4279189349981607	8.670959440833586e-7	1153274.9136050218
dataset_name-FR-FCM-Z2KP_healthy_final_seed-42	cyanno	num-1	run0	1536957	0.9788133678753955	0.9784705731401117	0.9792033292405137	0.98846617049143215	0.9843135581885233	0.9999709334767716	1	0.5673596659980831	3.6914478804422183e-7	2708964.158205058
dataset_name-FR-FCM-Z2KP_healthy_final_seed-42	cyanno	num-2	run0	1356644	0.9859515424014953	0.9875265218376158	0.984449319724516	0.991869643030891	0.9889195186533468	0.9999738338791466	1	1.0760877770007937	7.931983460663178e-7	1260718.7155132971
dataset_name-FR-FCM-Z2KP_healthy_final_seed-42	cyanno	num-3	run0	1408466	0.9824109572702883	0.9856870932773818	0.9794695869762714	0.9907062009306579	0.9870854152423232	0.9999314272552361	1	1.1949202050018357	8.483841320996288e-7	1178711.3433217378
dataset_name-FR-FCM-Z2KP_healthy_final_seed-42	cyanno	num-4	run0	1421911	0.9848622357856104	0.9869859788084675	0.9828729068328039	0.9923588747818957	0.9893510217564261	0.9999688321997331	1	1.1785153669989086	8.288249876391059e-7	1206527.3307558973
dataset_name-FR-FCM-Z2KP_healthy_final_seed-42	cyanno	num-5	run0	1404771	0.9882682472292973	0.9898872937101911	0.9867210196296744	0.9933355685730983	0.9910906957751188	0.9999797718431187	1	0.7013000400038436	4.992273046666279e-7	2003095.5651910428
dataset_name-FR-FCM-Z2KP_healthy_final_seed-42	cygate	num-1	run0	1515011	0.9059391549358153	0.9080774904529791	0.9070009309056833	0.946024814341282	0.9267129914113263	0.9978975578977939	1	1.0852867259964114	7.163556739828366e-7	1395954.6023278364
dataset_name-FR-FCM-Z2KP_healthy_final_seed-42	cygate	num-2	run0	1250408	0.8332384433770045	0.8478149582797609	0.8237117063481274	0.9235129653681039	0.8939727890912863	0.9967509501070828	1	1.4131364460045006	1.1301402790165295e-6	884845.906802136
dataset_name-FR-FCM-Z2KP_healthy_final_seed-42	cygate	num-3	run0	1308093	0.7959582996377538	0.8439515096368854	0.8059427908861938	0.8865348258877618	0.8435490211284203	0.9709258397293542	1	1.8861013399946387	1.441870983175232e-6	693543.3278488198
dataset_name-FR-FCM-Z2KP_healthy_final_seed-42	cygate	num-4	run0	1392140	0.8977493153255645	0.9080976237212419	0.9010171242277232	0.9449265160113207	0.923426048525623	0.9943571250359295	1	1.3106936929980293	9.414956060439534e-7	1062139.848110258
dataset_name-FR-FCM-Z2KP_healthy_final_seed-42	cygate	num-5	run0	1388241	0.9272652041194754	0.9279480302673028	0.9298200159274207	0.9540411211021718	0.9389613990315885	0.9961401803176864	1	1.8475796319980873	1.3308781630841382e-6	751383.5809602805
dataset_name-FR-FCM-Z2KP_healthy_final_seed-42	dgcytof	num-1	run0	1536957	0.798154594562616	0.8570732024921689	0.8178315087988649	0.914970295200191	0.8866308396374641	0.9802832404002254	1	0.7762479989978601	5.050551180012584e-7	1979981.9155530434
dataset_name-FR-FCM-Z2KP_healthy_final_seed-42	dgcytof	num-2	run0	1356644	0.7965574449411212	0.8311145208529118	0.8106411582326317	0.9165654364741229	0.8870332442581083	0.9895380597063784	1	1.027624811998976	7.574756620004776e-7	1320174.429577078
dataset_name-FR-FCM-Z2KP_healthy_final_seed-42	dgcytof	num-3	run0	1408466	0.9121015400439657	0.9311458766388482	0.9012398934544626	0.9524660162190639	0.9340282957810139	0.9978161607977977	1	1.7350258869992103	1.2318550018241196e-6	811783.8532288371
dataset_name-FR-FCM-Z2KP_healthy_final_seed-42	dgcytof	num-4	run0	1421911	0.8847029869338953	0.8913310611300521	0.8787283969726182	0.9382739144714402	0.9135859156284284	0.9996866111175342	1	1.2092652909996104	8.504507602793779e-7	1175847.0292524572
dataset_name-FR-FCM-Z2KP_healthy_final_seed-42	dgcytof	num-5	run0	1404771	0.8447681295450282	0.8879233359994085	0.846801793906998	0.9428155905838034	0.9244635428432985	0.9900600144637277	1	0.866609366996272	6.169043687521112e-7	1620996.7875941999
dataset_name-FR-FCM-Z2KP_healthy_final_seed-42	lda	num-1	run0	1474730	0.8381506758766143	0.8496060513732305	0.8360397748799541	0.9264312789459765	0.8991079016955779	0.9968203522022754	1	1.1717957469954854	7.945832437093471e-7	1258521.3794991542
dataset_name-FR-FCM-Z2KP_healthy_final_seed-42	lda	num-2	run0	1277454	0.7953271276208586	0.8226323066224159	0.7807489584476741	0.8966271975350971	0.8553936716493785	0.9936120030772031	1	0.9267566030030139	7.254716044593496e-7	1378413.7020018033
dataset_name-FR-FCM-Z2KP_healthy_final_seed-42	lda	num-3	run0	1336985	0.7708132301444567	0.8392424089274573	0.7308849577247559	0.8654001353792301	0.8056891749720508	0.9987549274797562	1	1.472470795000845	1.1013368100620764e-6	907987.4484024878
dataset_name-FR-FCM-Z2KP_healthy_final_seed-42	lda	num-4	run0	1366285	0.779713226175717	0.830812182072605	0.7438147731937973	0.8673527119158887	0.8093712316026002	0.9980794801456078	1	1.3533468099994934	9.905303871443318e-7	1009560.1437154985
dataset_name-FR-FCM-Z2KP_healthy_final_seed-42	lda	num-5	run0	1306981	0.8314156671039562	0.8500004031753629	0.8242329731765348	0.9285574924195531	0.9023501784673879	0.996176158715542	1	1.7653523440021672	1.3507100286860844e-6	740351.3550371424
dataset_name-FR-FCM-Z2KP_healthy_final_seed-42	random	num-1	run0	1536957	0.14891320887780285	0.16623784726758184	0.16614021113882982	0.166443823737424	-5.482702663675461e-4	0.33890634509602224	1	0.6804602660049568	4.427321428022754e-7	2258702.0532787493
dataset_name-FR-FCM-Z2KP_healthy_final_seed-42	random	num-2	run0	1356644	0.1483341838655863	0.16633329015365075	0.16646431641568313	0.1664423385943549	-4.281742497725454e-4	0.17274740300825026	1	0.7707508899984532	5.68130541246232e-7	1760158.8497714517
dataset_name-FR-FCM-Z2KP_healthy_final_seed-42	random	num-3	run0	1408466	0.14722468411883086	0.16686937261767673	0.16668304100558576	0.16711088517578698	2.62487226018646e-4	0.3795350825216774	1	1.9962957850002567	1.4173546148790646e-6	705539.7354354574
dataset_name-FR-FCM-Z2KP_healthy_final_seed-42	random	num-4	run0	1421911	0.1460036455545438	0.1663861024904517	0.1661507610566977	0.16624317555740128	-3.6105760553933804e-4	-0.22741364440139056	1	0.6092935319975368	4.2850328325579924e-7	2333704.4057210647
dataset_name-FR-FCM-Z2KP_healthy_final_seed-42	random	num-5	run0	1404771	0.15018658163162432	0.16643003448782548	0.1664958339499387	0.16647980346974703	-3.0072742199777297e-4	0.092224286509192	1	1.0920945739999297	7.774182226141696e-7	1286308.9273073254
dataset_name-FR-FCM-Z2KP_healthy_final_seed-420_sub-sampling-1000	cyanno	num-1	run0	1536957	0.8566527615984564	0.9431024758247438	0.8552856541949362	0.9465027323470988	0.928316208127348	0.9907834636229185	1	2.590784860003623	1.6856586488780254e-6	593239.9188089476
dataset_name-FR-FCM-Z2KP_healthy_final_seed-420_sub-sampling-1000	cyanno	num-2	run0	1471041	0.8218711624027217	0.9266890730855245	0.8331812353940963	0.9353994892052635	0.9158573711951814	0.9870537153293848	1	0.9813332259946037	6.671012065568558e-7	1499022.922116049
dataset_name-FR-FCM-Z2KP_healthy_final_seed-420_sub-sampling-1000	cyanno	num-3	run0	1356644	0.8980002502753752	0.95640106965819	0.8805028139307888	0.9524775843920734	0.935530328129255	0.9971686679240617	1	0.6064365150014055	4.4701227072202105e-7	2237075.0547513715
dataset_name-FR-FCM-Z2KP_healthy_final_seed-420_sub-sampling-1000	cyanno	num-4	run0	1421911	0.9376499750806196	0.9495448245554305	0.9295285647772062	0.9695227057108357	0.95754502350305	0.9993625403147794	1	1.2392548659991007	8.715417955125889e-7	1147391.903806357
dataset_name-FR-FCM-Z2KP_healthy_final_seed-420_sub-sampling-1000	cyanno	num-5	run0	1408466	0.8965680423906096	0.9356603887059901	0.8764347892622234	0.9431899669569589	0.9208755200018146	0.9982749475673186	1	1.8460573099946487	1.310686456041288e-6	762958.9787784448
dataset_name-FR-FCM-Z2KP_healthy_final_seed-420_sub-sampling-1000	cygate	num-1	run0	1512289	0.9105662023201222	0.910668067932805	0.9121950529643562	0.9477976762378091	0.9292321377153157	0.998712308103508	1	1.4859791940034484	9.82602659943601e-7	1017705.3663353584
dataset_name-FR-FCM-Z2KP_healthy_final_seed-420_sub-sampling-1000	cygate	num-2	run0	1447962	0.9221424932729468	0.9370390386962235	0.9128409262293141	0.9570347840620127	0.9431970885608192	0.9978162523067742	1	1.571497589997307	1.0853168729547508e-6	921389.8953561115
dataset_name-FR-FCM-Z2KP_healthy_final_seed-420_sub-sampling-1000	cygate	num-3	run0	1258469	0.8027753446715017	0.8503449278552385	0.7974539018191797	0.9172883877155497	0.8866916618896065	0.989577041007957	1	2.059648050002579	1.6366299448000539e-6	611011.6726002892
dataset_name-FR-FCM-Z2KP_healthy_final_seed-420_sub-sampling-1000	cygate	num-4	run0	1319896	0.8759237104509556	0.8883646241153572	0.8710202096530192	0.9473632771066811	0.9247500073635285	0.9973872230017002	1	2.26583542899607	1.716677245022388e-6	582520.6822654415
dataset_name-FR-FCM-Z2KP_healthy_final_seed-420_sub-sampling-1000	cygate	num-5	run0	1310508	0.8175004681474829	0.8616597767518858	0.8560086698924553	0.8983882585989555	0.862875874445236	0.9591715549472661	1	1.1092858300035005	8.46454832785073e-7	1181397.9450146446
dataset_name-FR-FCM-Z2KP_healthy_final_seed-420_sub-sampling-1000	dgcytof	num-1	run0	1536957	0.6145730161597973	0.7039365506844937	0.6278097265293657	0.767612887022864	0.6785852917436614	0.9908733869812106	1	1.5276208040013444	9.939255320749666e-7	1006111.5925982423
dataset_name-FR-FCM-Z2KP_healthy_final_seed-420_sub-sampling-1000	dgcytof	num-2	run0	1471041	0.6114381873597203	0.6929595230637414	0.6076408288256199	0.7500715479718104	0.6621669772069274	0.9959089056820064	1	0.8240502530024969	5.601817032988862e-7	1785135.062625292
dataset_name-FR-FCM-Z2KP_healthy_final_seed-420_sub-sampling-1000	dgcytof	num-3	run0	1356644	0.6567398618795574	0.7242269534631487	0.6609945816864046	0.7941796079148251	0.7154415640483638	0.9887550797034435	1	0.6658853619956062	4.908327917977054e-7	2037353.6909329924
dataset_name-FR-FCM-Z2KP_healthy_final_seed-420_sub-sampling-1000	dgcytof	num-4	run0	1421911	0.4907063727177476	0.6295421472519247	0.4722561451381366	0.5239188669333031	0.4269290051568447	0.44984537487617243	1	0.9414146220005932	6.620770371708168e-7	1510398.252555614
dataset_name-FR-FCM-Z2KP_healthy_final_seed-420_sub-sampling-1000	dgcytof	num-5	run0	1408466	0.5594512685408047	0.6537897043087156	0.5338227168839517	0.7027446881926862	0.5730904919452733	0.9837123281098101	1	1.0522632320062257	7.470987812316561e-7	1338511.0846405274
dataset_name-FR-FCM-Z2KP_healthy_final_seed-420_sub-sampling-1000	lda	num-1	run0	1394134	0.8120685061008134	0.817234866680146	0.8115375654414669	0.915255635398032	0.8821539931988867	0.9979381431994222	1	1.6270210160000715	1.1670477988486556e-6	856862.933109119
dataset_name-FR-FCM-Z2KP_healthy_final_seed-420_sub-sampling-1000	lda	num-2	run0	1381663	0.7936459621123647	0.8232990015164617	0.7853999151643691	0.9013992558243219	0.8663358266116233	0.9945389932391322	1	1.7129589750038576	1.2397805941129333e-6	806594.3318910416
dataset_name-FR-FCM-Z2KP_healthy_final_seed-420_sub-sampling-1000	lda	num-3	run0	1295398	0.776567665583506	0.7965669219081968	0.7656796207362637	0.8792602736765072	0.8322332776978637	0.9927647723660282	1	1.8480338060035137	1.4266146821312938e-6	700960.1208548114
dataset_name-FR-FCM-Z2KP_healthy_final_seed-420_sub-sampling-1000	lda	num-4	run0	1364702	0.7586626805460351	0.8249413796353383	0.7156712483951705	0.852178717404972	0.7873404256229053	0.9977512374526055	1	1.1716754509980092	8.58557729817945e-7	1164744.0413960835
dataset_name-FR-FCM-Z2KP_healthy_final_seed-420_sub-sampling-1000	lda	num-5	run0	1348638	0.7684477498835817	0.8193939998460261	0.7443512838409115	0.87291029913142	0.8178771386085635	0.9960839849880787	1	1.2274430760007817	9.10135318744379e-7	1098737.714496783
dataset_name-FR-FCM-Z2KP_healthy_final_seed-420_sub-sampling-1000	random	num-1	run0	1536957	0.14909821872647708	0.16642938973527363	0.1664988197184087	0.16653686472685963	-3.0456321098831297e-4	0.17838471564212444	1	1.1422073950016056	7.431615816197887e-7	1345602.389483601
dataset_name-FR-FCM-Z2KP_healthy_final_seed-420_sub-sampling-1000	random	num-2	run0	1471041	0.15233931105680357	0.16689539474830872	0.16705170896213173	0.16695727719349768	2.8778558203005337e-4	0.11981450959241273	1	0.6647348749975208	4.5188059000226424e-7	2212974.007126505
dataset_name-FR-FCM-Z2KP_healthy_final_seed-420_sub-sampling-1000	random	num-3	run0	1356644	0.1483304211635865	0.16639835927004265	0.1664103651292805	0.16645929219456246	-3.418532414949151e-4	0.09372242278219839	1	0.7099462179976399	5.233106238612634e-7	1910910.9473480002
dataset_name-FR-FCM-Z2KP_healthy_final_seed-420_sub-sampling-1000	random	num-4	run0	1421911	0.1461831474550122	0.1664354408604297	0.1665475641051126	0.16655754122445077	-2.9874163993525723e-4	0.19202654108681824	1	0.6453374369957601	4.5385220101381875e-7	2203360.4723436213
dataset_name-FR-FCM-Z2KP_healthy_final_seed-420_sub-sampling-1000	random	num-5	run0	1408466	0.14708312655245465	0.1666028077822829	0.16661585678405635	0.1667920986378088	-8.254458329848489e-5	0.2982062976583212	1	1.3166994200000772	9.348464357677624e-7	1069694.402994358
dataset_name-FR-FCM-Z2KP_healthy_final_seed-420_sub-sampling-10000	cyanno	num-1	run0	1536957	0.9658238179660001	0.9684356868587499	0.9633243015709102	0.9814510100152444	0.9747478585950313	0.9999765587863674	1	1.1917566689953674	7.754001374113702e-7	1289656.7227063484
dataset_name-FR-FCM-Z2KP_healthy_final_seed-420_sub-sampling-10000	cyanno	num-2	run0	1471041	0.9625982103804662	0.9699873263152852	0.9566283978148578	0.9795342210040373	0.9729155258100625	0.9996572240899518	1	0.913461358002678	6.209625414945457e-7	1610403.0970904927
dataset_name-FR-FCM-Z2KP_healthy_final_seed-420_sub-sampling-10000	cyanno	num-3	run0	1356644	0.9524186591280005	0.9702684004389323	0.9398863699030672	0.9756686352499255	0.9668535298877929	0.9995302693985052	1	0.5615446470037568	4.139218888697085e-7	2415914.75804937
dataset_name-FR-FCM-Z2KP_healthy_final_seed-420_sub-sampling-10000	cyanno	num-4	run0	1421911	0.9709401220071902	0.9745778193994119	0.9678213222480303	0.9858584679350536	0.98030398901354	0.9998847328528927	1	0.9250214899948332	6.505480933721121e-7	1537165.3689990945
dataset_name-FR-FCM-Z2KP_healthy_final_seed-420_sub-sampling-10000	cyanno	num-5	run0	1408466	0.9683429991851131	0.9752014836297002	0.9627553230110699	0.9836581074729528	0.9772945212815297	0.9997702096622438	1	1.5305503899944597	1.0866789755623917e-6	920234.9750831127
dataset_name-FR-FCM-Z2KP_healthy_final_seed-420_sub-sampling-10000	cygate	num-1	run0	1514020	0.9224693534497193	0.9216947914001863	0.9249775987047756	0.9552667732262453	0.9393456739838516	0.998793160214092	1	1.9318951289969846	1.2760037047046834e-6	783696.7841965936
dataset_name-FR-FCM-Z2KP_healthy_final_seed-420_sub-sampling-10000	cygate	num-2	run0	1351843	0.8119553021347281	0.8472128882691421	0.8278022825919112	0.8879574033375177	0.8566581766631203	0.9509692398224597	1	1.9357072329949006	1.4319023976859003e-6	698371.6219877148
dataset_name-FR-FCM-Z2KP_healthy_final_seed-420_sub-sampling-10000	cygate	num-3	run0	1243004	0.8575827909169952	0.8744718249413189	0.8460967790663728	0.9365086516213946	0.9118328790252069	0.9980338043867389	1	2.2349891270059743	1.7980546538916804e-6	556156.6206208561
dataset_name-FR-FCM-Z2KP_healthy_final_seed-420_sub-sampling-10000	cygate	num-4	run0	1398810	0.8913679980365221	0.9065314452806711	0.8947271825383641	0.9408175520621099	0.9183502392076403	0.9912690973156051	1	2.219470450996596	1.5866847184368113e-6	630244.9304391056
dataset_name-FR-FCM-Z2KP_healthy_final_seed-420_sub-sampling-10000	cygate	num-5	run0	1307956	0.846678533362122	0.8718561735750856	0.8843564190450767	0.9174383541954011	0.8871867163726277	0.9742311347213356	1	1.413637364996248	1.0807988686135068e-6	925241.5310934227
dataset_name-FR-FCM-Z2KP_healthy_final_seed-420_sub-sampling-10000	dgcytof	num-1	run0	1536957	0.7606621102325265	0.8708228603694602	0.7763492421062829	0.8937146582500356	0.8556326777587682	0.9895236359764678	1	1.6204343920035171	1.0543134206119737e-6	948484.5591926094
dataset_name-FR-FCM-Z2KP_healthy_final_seed-420_sub-sampling-10000	dgcytof	num-2	run0	1471041	0.7589605687556819	0.8025294251589434	0.7645953692353374	0.8777586756589382	0.8379103899362219	0.9907540768559195	1	1.1545349980005994	7.848421614357448e-7	1274141.539708644
dataset_name-FR-FCM-Z2KP_healthy_final_seed-420_sub-sampling-10000	dgcytof	num-3	run0	1356644	0.809500669780652	0.819132463010155	0.8031889493359992	0.8952422300913135	0.8564316674725109	0.9972659639962289	1	1.5204701719994773	1.1207584097224307e-6	892252.9523982443
dataset_name-FR-FCM-Z2KP_healthy_final_seed-420_sub-sampling-10000	dgcytof	num-4	run0	1421911	0.7299053911252577	0.7186739233153953	0.7488093711674292	0.825408903932806	0.7645400434722338	0.9911014503274483	1	0.7704632910026703	5.418505736313105e-7	1845527.2517260942
dataset_name-FR-FCM-Z2KP_healthy_final_seed-420_sub-sampling-10000	dgcytof	num-5	run0	1408466	0.791933857174237	0.8160649875258179	0.7763607860256125	0.8671803224216985	0.8136451336950337	0.9956961731676756	1	1.6774519640021026	1.1909779604208426e-6	839646.1002910928
dataset_name-FR-FCM-Z2KP_healthy_final_seed-420_sub-sampling-10000	lda	num-1	run0	1487478	0.8351244515162121	0.8440584007867246	0.8339284638860803	0.9209097546316651	0.8920842514604843	0.9962531488192357	1	1.457978981998167	9.801684340865325e-7	1020232.8143039513
dataset_name-FR-FCM-Z2KP_healthy_final_seed-420_sub-sampling-10000	lda	num-2	run0	1378493	0.801066102349429	0.8289778625045638	0.796329837713711	0.9089882937381619	0.8770229659549749	0.9937855736574609	1	1.182478105998598	8.578049406116665e-7	1165766.1930542623
dataset_name-FR-FCM-Z2KP_healthy_final_seed-420_sub-sampling-10000	lda	num-3	run0	1286106	0.7951720193117907	0.8183484648963181	0.7822544471097386	0.8936914997675153	0.8518931897656157	0.9930843564853251	1	1.329831565002678	1.0339984145962137e-6	967119.4712522936
dataset_name-FR-FCM-Z2KP_healthy_final_seed-420_sub-sampling-10000	lda	num-4	run0	1368039	0.7774944064511574	0.8282505085984896	0.7411334412983797	0.8636142683066784	0.8040694730764462	0.9977467404934998	1	1.0747718239945243	7.856295207918227e-7	1272864.592705372
dataset_name-FR-FCM-Z2KP_healthy_final_seed-420_sub-sampling-10000	lda	num-5	run0	1343879	0.7784796050149586	0.8396236383972414	0.7424196029299144	0.8706899951558139	0.8139617507852275	0.9985162958417244	1	1.3691954589958186	1.0188383470504552e-6	981509.9744674979
dataset_name-FR-FCM-Z2KP_healthy_final_seed-420_sub-sampling-10000	random	num-1	run0	1536957	0.14892684422411986	0.16654209616557955	0.166512374190021	0.16605344196356828	-1.606580350898527e-4	-0.8007253672691627	1	1.165138283999113	7.580812501580154e-7	1319119.8170269462
dataset_name-FR-FCM-Z2KP_healthy_final_seed-420_sub-sampling-10000	random	num-2	run0	1471041	0.15216612570686225	0.16698785436151456	0.16701627527286247	0.16654872297916917	4.054356158587582e-4	-0.8461095933025132	1	0.7952297070005443	5.405897639838348e-7	1849831.5481051228
dataset_name-FR-FCM-Z2KP_healthy_final_seed-420_sub-sampling-10000	random	num-3	run0	1356644	0.14852257867203802	0.16682365545958255	0.1667238003361329	0.16635314791500203	1.9906334273695766e-4	-0.733504123157178	1	0.5715461219951976	4.212941066301827e-7	2373638.7104930775
dataset_name-FR-FCM-Z2KP_healthy_final_seed-420_sub-sampling-10000	random	num-4	run0	1421911	0.14624656445260364	0.16676352057682634	0.16688522169661835	0.16626919687659777	1.2406220752694493e-4	-0.7774725933602037	1	0.6357620090057026	4.4711800457672987e-7	2236546.0342995203
dataset_name-FR-FCM-Z2KP_healthy_final_seed-420_sub-sampling-10000	random	num-5	run0	1408466	0.14651187417360467	0.16644325308030458	0.166327259641478	0.16591667814487535	-2.884205661401769e-4	-0.8294827025077168	1	1.0900047140021343	7.738949424424404e-7	1292165.053881815
dataset_name-FR-FCM-Z2KP_healthy_final_seed-420_sub-sampling-100000	cyanno	num-1	run0	1536957	0.9765047082475494	0.9758190123707445	0.9772780770876942	0.9871844170006058	0.9825728907619543	0.9999541166014813	1	1.5332359439998982	9.97578945930106e-7	1002426.929798159
dataset_name-FR-FCM-Z2KP_healthy_final_seed-420_sub-sampling-100000	cyanno	num-2	run0	1471041	0.9779888948032625	0.9818793698895094	0.9745668096215897	0.9875877014984626	0.9835770775609533	0.9998564982481802	1	0.7239819009992061	4.921561676385676e-7	2031875.3797156224
dataset_name-FR-FCM-Z2KP_healthy_final_seed-420_sub-sampling-100000	cyanno	num-3	run0	1356644	0.9815454318252845	0.9829065241093597	0.9802332996858033	0.9895941750378139	0.9858151151176173	0.9999780171955838	1	2.195662522004568	1.6184515038614168e-6	617874.553308597
dataset_name-FR-FCM-Z2KP_healthy_final_seed-420_sub-sampling-100000	cyanno	num-4	run0	1421911	0.9795472571759847	0.982412476832521	0.976932509633084	0.9899754625992766	0.9860307438109224	0.9999442695370381	1	0.8348893459988176	5.871600585401038e-7	1703113.121295015
dataset_name-FR-FCM-Z2KP_healthy_final_seed-420_sub-sampling-100000	cyanno	num-5	run0	1408466	0.9785476367714563	0.9820566092280907	0.9754443998384662	0.988823301378947	0.9844696439620446	0.9999117666128334	1	1.3883545270000468	9.85721009239873e-7	1014485.8338477925
dataset_name-FR-FCM-Z2KP_healthy_final_seed-420_sub-sampling-100000	cygate	num-1	run0	1515146	0.9093572884517845	0.9117413149570108	0.9090867600654474	0.9482848517568604	0.9297129716575396	0.9984871114709837	1	1.820134257999598	1.2012929829861928e-6	832436.3949202338
dataset_name-FR-FCM-Z2KP_healthy_final_seed-420_sub-sampling-100000	cygate	num-2	run0	1352202	0.802027798281455	0.8478846778518152	0.825233488032388	0.8828000550213652	0.8512735808735459	0.9351951795912218	1	1.8701479960000142	1.383038921699579e-6	723045.4503558924
dataset_name-FR-FCM-Z2KP_healthy_final_seed-420_sub-sampling-100000	cygate	num-3	run0	1251090	0.8321383615640426	0.8457604534985298	0.823373488198459	0.9222901629778832	0.8923385914906128	0.9965243561677892	1	1.1791005339982803	9.424586032965497e-7	1061054.561444058
dataset_name-FR-FCM-Z2KP_healthy_final_seed-420_sub-sampling-100000	cygate	num-4	run0	1392291	0.8975472693080828	0.9081215816100608	0.900556058094593	0.9446674581678687	0.9230723596169103	0.9943119224326542	1	1.968414410999685	1.4137952561638946e-6	707315.9961742541
dataset_name-FR-FCM-Z2KP_healthy_final_seed-420_sub-sampling-100000	cygate	num-5	run0	1306550	0.7996551964529613	0.844677405917064	0.8079094367249401	0.8890650950977765	0.8465565483906917	0.9737897391239124	1	1.6710396420021425	1.2789710627240768e-6	781878.5187133967
dataset_name-FR-FCM-Z2KP_healthy_final_seed-420_sub-sampling-100000	dgcytof	num-1	run0	1536957	0.8505688963986032	0.8946003267645337	0.848566076284427	0.9405220835716289	0.9197264999807994	0.9929486065119675	1	1.4809482819982804	9.635586955251712e-7	1037819.4962528641
dataset_name-FR-FCM-Z2KP_healthy_final_seed-420_sub-sampling-100000	dgcytof	num-2	run0	1471041	0.8140738676099025	0.8521380454463259	0.8257173288398697	0.9175420671483664	0.8929281675675906	0.9770910172570524	1	0.820077027005027	5.574807411928199e-7	1793783.9392627962
dataset_name-FR-FCM-Z2KP_healthy_final_seed-420_sub-sampling-100000	dgcytof	num-3	run0	1356644	0.856652009308973	0.8650191914180904	0.8498143657732328	0.92185348551278	0.8929997648094615	0.9991987795008362	1	1.3733121850018506	1.0122863367264002e-6	987862.7851817771
dataset_name-FR-FCM-Z2KP_healthy_final_seed-420_sub-sampling-100000	dgcytof	num-4	run0	1421911	0.8798266987481225	0.8990011967618732	0.8718736635636132	0.9420357532925759	0.9194765233144245	0.9968027557702697	1	0.6883799029965303	4.841230590357134e-7	2065590.5174023753
dataset_name-FR-FCM-Z2KP_healthy_final_seed-420_sub-sampling-100000	dgcytof	num-5	run0	1408466	0.8475182504681533	0.8910715966942439	0.8227960561001769	0.9069228508178401	0.8699807635883485	0.996693037995808	1	1.1167897569976049	7.929121164427149e-7	1261173.8164455788
dataset_name-FR-FCM-Z2KP_healthy_final_seed-420_sub-sampling-100000	lda	num-1	run0	1473864	0.8408636057886757	0.8511586569000261	0.8388831417540475	0.9268277127333322	0.8996218832259868	0.9969684815789714	1	1.7775784760015085	1.2060668257054304e-6	829141.4527674272
dataset_name-FR-FCM-Z2KP_healthy_final_seed-420_sub-sampling-100000	lda	num-2	run0	1394404	0.8042445935043995	0.826144331647216	0.7957552868196517	0.9036534605465848	0.8699232244342172	0.9950769310955414	1	1.2685726509953383	9.097597618734157e-7	1099191.2831369436
dataset_name-FR-FCM-Z2KP_healthy_final_seed-420_sub-sampling-100000	lda	num-3	run0	1266355	0.8042969435117685	0.8335384997825611	0.7884037819015918	0.9017803064701446	0.862161687548054	0.9941036280543013	1	1.5580564999982016	1.2303473354613845e-6	812778.6123298235
dataset_name-FR-FCM-Z2KP_healthy_final_seed-420_sub-sampling-100000	lda	num-4	run0	1365149	0.7839254761656048	0.832038711390155	0.7496953222641655	0.8711034473160073	0.8147395695194478	0.9981502276358221	1	2.6447898219994386	1.9373634833995692e-6	516165.4013656023
dataset_name-FR-FCM-Z2KP_healthy_final_seed-420_sub-sampling-100000	lda	num-5	run0	1334086	0.7658649296508765	0.840524659445951	0.7231777261618574	0.8611228961251374	0.7992928946469905	0.9987069748549198	1	1.311752647998219	9.832594360470156e-7	1017025.581793841
dataset_name-FR-FCM-Z2KP_healthy_final_seed-420_sub-sampling-100000	random	num-1	run0	1536957	0.1494631644433123	0.16689435075934014	0.16686699054230392	0.16705737375866728	2.920707045250777e-4	0.2662460643047694	1	1.1599993600029848	7.547376797158182e-7	1324963.6620455077
dataset_name-FR-FCM-Z2KP_healthy_final_seed-420_sub-sampling-100000	random	num-2	run0	1471041	0.15194772458893105	0.16658686344663676	0.16656975692088818	0.16667652363190422	-1.0031405343009968e-4	0.17215580479154002	1	0.7226310730038676	4.912378873218814e-7	2035673.6029701934
dataset_name-FR-FCM-Z2KP_healthy_final_seed-420_sub-sampling-100000	random	num-3	run0	1356644	0.14823971616643059	0.16646106433687094	0.16613441393047226	0.16653521483897027	-2.6270237640001095e-4	0.11565323888866366	1	1.0113487299968256	7.45478349513082e-7	1341420.58002511
dataset_name-FR-FCM-Z2KP_healthy_final_seed-420_sub-sampling-100000	random	num-4	run0	1421911	0.14590006911205178	0.1665083473990411	0.16635452996167818	0.165988588596614	-2.0673817457585584e-4	-0.8166020546257905	1	0.6070688129984774	4.2693868533155546e-7	2342256.7088841153
dataset_name-FR-FCM-Z2KP_healthy_final_seed-420_sub-sampling-100000	random	num-5	run0	1408466	0.14700692236133606	0.16670580951042602	0.16665861041732788	0.1668226283062566	5.2117100027069705e-5	0.1820780219600172	1	1.0630324190060492	7.547448209655392e-7	1324951.125495247
dataset_name-FR-FCM-Z2KP_healthy_final_seed-420_sub-sampling-5000	cyanno	num-1	run0	1536957	0.9558620421799692	0.9589602062615602	0.9529511634280668	0.9762647881495709	0.96768201948041	0.9999618513371851	1	2.961337075998017	1.9267533678548047e-6	519007.78619807115
dataset_name-FR-FCM-Z2KP_healthy_final_seed-420_sub-sampling-5000	cyanno	num-2	run0	1471041	0.9549657039942331	0.9687538673985278	0.9452168691233251	0.9758667501449654	0.9680885971613581	0.9992738884638347	1	1.3886685500037856	9.44003974059041e-7	1059317.5743743817
dataset_name-FR-FCM-Z2KP_healthy_final_seed-420_sub-sampling-5000	cyanno	num-3	run0	1356644	0.9401973610561631	0.9630050390999866	0.9258801902884809	0.9699560090930266	0.9590767794764187	0.9993194468178896	1	1.4102464689931367	1.0395110795412331e-6	961990.7085947843
dataset_name-FR-FCM-Z2KP_healthy_final_seed-420_sub-sampling-5000	cyanno	num-4	run0	1421911	0.9633213430320554	0.9713003827965826	0.9571319426523184	0.9824658505349491	0.9755882726129792	0.9996874082567478	1	1.107164308996289	7.786452942527971e-7	1284281.825602785
dataset_name-FR-FCM-Z2KP_healthy_final_seed-420_sub-sampling-5000	cyanno	num-5	run0	1408466	0.9638206441818928	0.9705640428803508	0.9587404216174429	0.9813229428328408	0.9740817939788764	0.9996115541203355	1	1.6113043169971206	1.1440136410798136e-6	874115.4511550389
dataset_name-FR-FCM-Z2KP_healthy_final_seed-420_sub-sampling-5000	cygate	num-1	run0	1512610	0.895675381715258	0.8984192740406347	0.9010851172959017	0.9395766258321708	0.9184161183696274	0.9950346526500368	1	1.9074739959978615	1.2610481194741947e-6	792991.1512155135
dataset_name-FR-FCM-Z2KP_healthy_final_seed-420_sub-sampling-5000	cygate	num-2	run0	1337621	0.8348650337053987	0.8665740447270176	0.8468977425135965	0.9055270513845103	0.8781097929125711	0.9621812931809871	1	1.4746676040012971	1.1024554817854215e-6	907066.1051823198
dataset_name-FR-FCM-Z2KP_healthy_final_seed-420_sub-sampling-5000	cygate	num-3	run0	1243892	0.8759548808888115	0.8761405966629888	0.8950882124417582	0.9375476327526827	0.9138021893700707	0.9931528459955304	1	0.8463586059951922	6.804116482742812e-7	1469698.5310823035
dataset_name-FR-FCM-Z2KP_healthy_final_seed-420_sub-sampling-5000	cygate	num-4	run0	1308834	0.9132164334140139	0.9199452175972039	0.9121992504176869	0.9638403342211465	0.9480590187490824	0.9983717518549825	1	1.6686263920055353	1.2748953587739433e-6	784378.1006165808
dataset_name-FR-FCM-Z2KP_healthy_final_seed-420_sub-sampling-5000	cygate	num-5	run0	1308631	0.804846794847435	0.846445218940349	0.8131174333672098	0.8920314435467294	0.8505897563370274	0.9754344987785735	1	1.0814415330023621	8.263914984455986e-7	1210080.2124428318
dataset_name-FR-FCM-Z2KP_healthy_final_seed-420_sub-sampling-5000	dgcytof	num-1	run0	1536957	0.7448287627520198	0.8137493115980203	0.766185603382822	0.8849030909778217	0.8439100296095001	0.9865398059241718	1	1.2473547710033017	8.115742802194867e-7	1232173.1040189622
dataset_name-FR-FCM-Z2KP_healthy_final_seed-420_sub-sampling-5000	dgcytof	num-2	run0	1471041	0.7744058061277729	0.7918640106598848	0.7788616797291888	0.868873131340323	0.8272692139448891	0.9857664237119779	1	1.401579709003272	9.527808599510632e-7	1049559.2869606575
dataset_name-FR-FCM-Z2KP_healthy_final_seed-420_sub-sampling-5000	dgcytof	num-3	run0	1356644	0.7271661212703687	0.7773808129937579	0.7397633301845415	0.85441132677401	0.8034847000521994	0.9711864243383974	1	0.9891496129930601	7.291150906155632e-7	1371525.583369478
dataset_name-FR-FCM-Z2KP_healthy_final_seed-420_sub-sampling-5000	dgcytof	num-4	run0	1421911	0.7170088213063482	0.8386887029810949	0.7344536096418822	0.8583751022391697	0.8043791689086721	0.979451263692376	1	0.6163308690011036	4.334524938629095e-7	2307057.899443706
dataset_name-FR-FCM-Z2KP_healthy_final_seed-420_sub-sampling-5000	dgcytof	num-5	run0	1408466	0.706155470697413	0.7699109251047632	0.6946644909517271	0.8412102244569624	0.7767261397744397	0.991444388473255	1	1.227537337996182	8.715420450306803e-7	1147391.5753138424
dataset_name-FR-FCM-Z2KP_healthy_final_seed-420_sub-sampling-5000	lda	num-1	run0	1489534	0.8312807382878598	0.8395615501497412	0.8299959535090761	0.9200904443940185	0.8907640802240244	0.9970943982355251	1	2.259080556999834	1.5166357780351665e-6	659354.087832163
dataset_name-FR-FCM-Z2KP_healthy_final_seed-420_sub-sampling-5000	lda	num-2	run0	1391385	0.8010608161318277	0.8247892646093197	0.7935028535573828	0.9016246401966386	0.867430622560248	0.9930168123586988	1	1.6795789829993737	1.2071274183632666e-6	828412.961869337
dataset_name-FR-FCM-Z2KP_healthy_final_seed-420_sub-sampling-5000	lda	num-3	run0	1290216	0.7810090998048044	0.8070226845124808	0.7679371885111741	0.8838450305995276	0.8385249650786608	0.9907947769982303	1	0.9457882409988088	7.330464364097242e-7	1364170.0584450648
dataset_name-FR-FCM-Z2KP_healthy_final_seed-420_sub-sampling-5000	lda	num-4	run0	1368401	0.7881468050356029	0.8313302003610666	0.7562072178884852	0.8723173981895658	0.8168584798894127	0.9981362282890383	1	1.5005959480040474	1.0966054161054014e-6	911905.0346764692
dataset_name-FR-FCM-Z2KP_healthy_final_seed-420_sub-sampling-5000	lda	num-5	run0	1345568	0.7620423700336562	0.8321924962221354	0.7200993408105165	0.8552685557325976	0.7917575841966124	0.998442821047814	1	1.0520867759987595	7.818904551823167e-7	1278951.5377404443
dataset_name-FR-FCM-Z2KP_healthy_final_seed-420_sub-sampling-5000	random	num-1	run0	1536957	0.14969443774096922	0.16711566666142227	0.16709170066128606	0.16726687864396986	5.744315270849672e-4	0.24733035882904858	1	1.3451202969954466	8.751840793174087e-7	1142616.7632984598
dataset_name-FR-FCM-Z2KP_healthy_final_seed-420_sub-sampling-5000	random	num-2	run0	1471041	0.1519612734427477	0.16659759385084674	0.16656873861349417	0.16669895672520343	-8.765591996235215e-5	0.19599863650031943	1	0.9840789559966652	6.689677282935453e-7	1494840.4201064787
dataset_name-FR-FCM-Z2KP_healthy_final_seed-420_sub-sampling-5000	random	num-3	run0	1356644	0.14852257867203802	0.16682365545958255	0.1667238003361329	0.16635314791500203	1.9906334273695766e-4	-0.733504123157178	1	0.6780386120008188	4.997911110068808e-7	2000835.9051952658
dataset_name-FR-FCM-Z2KP_healthy_final_seed-420_sub-sampling-5000	random	num-4	run0	1421911	0.14641036216096937	0.1669353728909231	0.166964512660433	0.16643165430185153	3.470965268654573e-4	-0.7932201038878258	1	0.523761224001646	3.683502160132709e-7	2714807.6925899563
dataset_name-FR-FCM-Z2KP_healthy_final_seed-420_sub-sampling-5000	random	num-5	run0	1408466	0.1469129528159637	0.16663258154709157	0.16651096277728664	0.16676014898478203	-4.402192612542529e-5	0.20091148916085144	1	1.0483143410019693	7.442950990666223e-7	1343553.1165716965
dataset_name-FR-FCM-Z2KP_healthy_final_seed-420_sub-sampling-50000	cyanno	num-1	run0	1536957	0.97540116899483	0.9766944201467987	0.974143227013533	0.9865643606164649	0.9817179152410684	0.9999821511193163	1	1.401943475997541	9.121553016756754e-7	1096304.5417408082
dataset_name-FR-FCM-Z2KP_healthy_final_seed-420_sub-sampling-50000	cyanno	num-2	run0	1471041	0.9731355110266859	0.978601585430883	0.9685301664851846	0.9850622790255337	0.9802379585796328	0.9997637854961935	1	1.6641398679930717	1.1312668158080378e-6	883964.7605907392
dataset_name-FR-FCM-Z2KP_healthy_final_seed-420_sub-sampling-50000	cyanno	num-3	run0	1356644	0.9788172994430305	0.9808108132446262	0.9769333061069818	0.9881700726203779	0.9838743840522831	0.999966427220553	1	0.7190359710002667	5.300107994435288e-7	1886754.0077483784
dataset_name-FR-FCM-Z2KP_healthy_final_seed-420_sub-sampling-50000	cyanno	num-4	run0	1421911	0.9772291929515231	0.9806900921875398	0.9741260637742185	0.9888312278335283	0.984437371847635	0.9999233768623303	1	1.2555136019946076	8.829762214334144e-7	1132533.3295800542
dataset_name-FR-FCM-Z2KP_healthy_final_seed-420_sub-sampling-50000	cyanno	num-5	run0	1408466	0.976584288826246	0.9802152383354926	0.9733295259508666	0.9878683617495914	0.9831355159215723	0.9999291849543104	1	1.6911672920032288	1.2007157375493826e-6	832836.5896502396
dataset_name-FR-FCM-Z2KP_healthy_final_seed-420_sub-sampling-50000	cygate	num-1	run0	1515177	0.9199604061078247	0.919690920122369	0.9225347707866582	0.9533975238536487	0.936767576432319	0.9985661745307979	1	1.4371227909941808	9.484850885369702e-7	1054312.8322053973
dataset_name-FR-FCM-Z2KP_healthy_final_seed-420_sub-sampling-50000	cygate	num-2	run0	1359224	0.8071881656957984	0.849130239379201	0.8287904941117801	0.8862240513704879	0.8550266093167238	0.941513430142724	1	1.685519717997522	1.2400602976385954e-6	806412.3993843412
dataset_name-FR-FCM-Z2KP_healthy_final_seed-420_sub-sampling-50000	cygate	num-3	run0	1247540	0.8324192082014902	0.8470526361855651	0.8229692741275095	0.9240320951632813	0.89456933086836	0.9968191485794144	1	1.0903958409980987	8.740367771759613e-7	1144116.6162721775
dataset_name-FR-FCM-Z2KP_healthy_final_seed-420_sub-sampling-50000	cygate	num-4	run0	1392042	0.8944238295748838	0.9077152993588476	0.8966501509589934	0.9433091817631939	0.9211788080121349	0.9937576660305849	1	1.434008381998865	1.0301473533118003e-6	970734.9116464941
dataset_name-FR-FCM-Z2KP_healthy_final_seed-420_sub-sampling-50000	cygate	num-5	run0	1307120	0.79754418471601	0.8440899735957998	0.8070208103952871	0.887653008140033	0.8448460420280538	0.9722392751862322	1	1.2261776579980506	9.380758140018136e-7	1066011.9204374526
dataset_name-FR-FCM-Z2KP_healthy_final_seed-420_sub-sampling-50000	dgcytof	num-1	run0	1536957	0.826643958542106	0.8349943555143136	0.8339983013724948	0.9126696452796011	0.8826997525145484	0.9904293366454955	1	1.5771815259940922	1.0261715363501337e-6	974495.9439790935
dataset_name-FR-FCM-Z2KP_healthy_final_seed-420_sub-sampling-50000	dgcytof	num-2	run0	1471041	0.7762072280122853	0.8390130406828092	0.7927621436591377	0.9043235368694686	0.8742848901044696	0.9857436413357401	1	0.9138381599987042	6.212186879894607e-7	1609739.081154245
dataset_name-FR-FCM-Z2KP_healthy_final_seed-420_sub-sampling-50000	dgcytof	num-3	run0	1356644	0.8034568193543056	0.8572433550613305	0.8058724208378537	0.9139494222507895	0.8835603822740814	0.9885891280876992	1	0.8014735670003574	5.907766274721721e-7	1692687.1401105048
dataset_name-FR-FCM-Z2KP_healthy_final_seed-420_sub-sampling-50000	dgcytof	num-4	run0	1421911	0.8098830215090821	0.8505194847854516	0.7953977718418336	0.9103952357074387	0.8743023893876402	0.9977395471584519	1	0.8710966910002753	6.126239202033569e-7	1632322.8117962747
dataset_name-FR-FCM-Z2KP_healthy_final_seed-420_sub-sampling-50000	dgcytof	num-5	run0	1408466	0.7747441552555548	0.846179016305746	0.7712591255535304	0.8951391087892786	0.854240054530098	0.991558253782848	1	3.3187935819951235	2.3563178536046478e-6	424390.9617160606
dataset_name-FR-FCM-Z2KP_healthy_final_seed-420_sub-sampling-50000	lda	num-1	run0	1477008	0.8435467140231147	0.8516366470497481	0.8423670697674489	0.9254729832201315	0.8979554643961059	0.9968861861185924	1	1.1721241749983164	7.935801126319671e-7	1260112.2231798703
dataset_name-FR-FCM-Z2KP_healthy_final_seed-420_sub-sampling-50000	lda	num-2	run0	1379095	0.8013905184043023	0.8288098672702162	0.7923963477822108	0.9052849876186919	0.8716291512361323	0.9949042724213771	1	2.32549800400011	1.6862493185749423e-6	593032.1151116046
dataset_name-FR-FCM-Z2KP_healthy_final_seed-420_sub-sampling-50000	lda	num-3	run0	1269959	0.8038350784424221	0.8303249534886432	0.7893042612927985	0.901499182257065	0.8621208698739946	0.9935246098576075	1	1.2272231950046262	9.663486734647545e-7	1034823.1724834803
dataset_name-FR-FCM-Z2KP_healthy_final_seed-420_sub-sampling-50000	lda	num-4	run0	1366113	0.7777388060558293	0.8297813010701486	0.7411770981429834	0.8655813977321056	0.8068175103840962	0.9979406327318329	1	2.150871420999465	1.574446199545327e-6	635143.9638196484
dataset_name-FR-FCM-Z2KP_healthy_final_seed-420_sub-sampling-50000	lda	num-5	run0	1332954	0.7688201263155787	0.8405533417888359	0.7277624028856483	0.8635406773226983	0.802803693018776	0.9986574450827289	1	5.29921818299772	3.975544679709667e-6	251537.85973121793
dataset_name-FR-FCM-Z2KP_healthy_final_seed-420_sub-sampling-50000	random	num-1	run0	1536957	0.14925238977862113	0.16655760105473807	0.16667380881498137	0.16667675152915795	-1.3958139154658997e-4	0.19603601087571332	1	1.314910631001112	8.555285743199791e-7	1168868.0308484784
dataset_name-FR-FCM-Z2KP_healthy_final_seed-420_sub-sampling-50000	random	num-2	run0	1471041	0.15179566563905586	0.1663983159274973	0.16631351439759065	0.16659154979364954	-3.377218764711477e-4	0.37116019858127774	1	0.8896233819978079	6.047577069556918e-7	1653554.7848309868
dataset_name-FR-FCM-Z2KP_healthy_final_seed-420_sub-sampling-50000	random	num-3	run0	1356644	0.1485024916282501	0.1666510279621646	0.1663866958805864	0.16680794666839643	-2.0031443185851924e-5	0.24536109704131223	1	0.7785139919942594	5.738528250552535e-7	1742607.0872853415
dataset_name-FR-FCM-Z2KP_healthy_final_seed-420_sub-sampling-50000	random	num-4	run0	1421911	0.14614908291400786	0.16669095983494375	0.1667736180297987	0.16617566078326984	3.016678390727471e-5	-0.8104623661028876	1	1.9140319950020057	1.3460983106551716e-6	742887.7906497639
dataset_name-FR-FCM-Z2KP_healthy_final_seed-420_sub-sampling-50000	random	num-5	run0	1408466	0.1468417770487377	0.166567420102081	0.16642302059709738	0.16670192961704436	-1.2779250443550633e-4	0.2113716657593867	1	1.2268341609960771	8.710427947824634e-7	1148049.218695096
dataset_name-FR-FCM-Z2KP_virus_final_seed-42	cyanno	num-1	run0	3804850	0.9809393412536619	0.9792411265557691	0.9830837541590253	0.9911720567170847	0.9882291301597143	0.9998859414024084	1	5.4309444399987115	1.42737412512943e-6	700587.1708017146
dataset_name-FR-FCM-Z2KP_virus_final_seed-42	cyanno	num-2	run0	3956437	0.9700911130116742	0.9721743011496259	0.9683088331024687	0.9858218391952153	0.9807979268711122	0.9998982193942264	1	2.185208058996068	5.523171628907696e-7	1810553.9121147455
dataset_name-FR-FCM-Z2KP_virus_final_seed-42	cyanno	num-3	run0	3871161	0.9735910115130094	0.9801346920356494	0.9689752186937689	0.9884122618511604	0.9844941604348667	0.9995866310921881	1	2.7202234020005562	7.026892970869867e-7	1423104.0719497525
dataset_name-FR-FCM-Z2KP_virus_final_seed-42	cyanno	num-4	run0	3907351	0.9829736331737258	0.9857600542796199	0.980388400959598	0.9917171505708087	0.9887942955784799	0.9999618210227372	1	5.837247691997618	1.4939143404310537e-6	669382.4223626237
dataset_name-FR-FCM-Z2KP_virus_final_seed-42	cyanno	num-5	run0	3978798	0.9811728522767509	0.9830498388134948	0.9794331997565467	0.9909583245995398	0.9878020718197842	0.9999734184213834	1	3.803298660997825	9.558913674425857e-7	1046143.9804351655
dataset_name-FR-FCM-Z2KP_virus_final_seed-42	cygate	num-1	run0	3768363	0.9297200804424244	0.9266328579772262	0.9363530343854455	0.9590875401334744	0.9455874165616639	0.9978164112076555	1	4.071799325000029	1.0805220529444826e-6	925478.5659163037
dataset_name-FR-FCM-Z2KP_virus_final_seed-42	cygate	num-2	run0	3789323	0.816505559291356	0.8304378829289759	0.8149653908437743	0.9273036370876803	0.9010358234001241	0.9951819300549477	1	5.966760786999657	1.574624487540296e-6	635072.0491855739
dataset_name-FR-FCM-Z2KP_virus_final_seed-42	cygate	num-3	run0	3586312	0.8058028364552285	0.8355358540146965	0.807530715037705	0.9291614895748055	0.9046574055067576	0.9908721566873075	1	4.017834375001257	1.1203248281246186e-6	892598.2669454556
dataset_name-FR-FCM-Z2KP_virus_final_seed-42	cygate	num-4	run0	3674391	0.8802242447733916	0.918541089573874	0.8629628268424753	0.951033518207507	0.9326031058659188	0.9959157719810167	1	5.23426106700208	1.4245247898228795e-6	701988.485664989
dataset_name-FR-FCM-Z2KP_virus_final_seed-42	cygate	num-5	run0	3694040	0.809370864683001	0.814488082496012	0.8162087370989967	0.9186137670409633	0.8906352216879471	0.9904744149609789	1	4.905850374998408	1.328044735573629e-6	752986.6827626594
dataset_name-FR-FCM-Z2KP_virus_final_seed-42	dgcytof	num-1	run0	3804850	0.8656862681793399	0.8682368665054595	0.8696311674370995	0.9250406717741829	0.9003505892994506	0.9970598639568197	1	4.039201430998219	1.0615928173247878e-6	941980.7516407265
dataset_name-FR-FCM-Z2KP_virus_final_seed-42	dgcytof	num-2	run0	3956437	0.7782862698069745	0.7830582201616324	0.8087534752784921	0.9309264876453233	0.9080373579615342	0.984599968001209	1	4.541118634995655	1.147779842063871e-6	871247.2229882154
dataset_name-FR-FCM-Z2KP_virus_final_seed-42	dgcytof	num-3	run0	3871161	0.8669780330690412	0.8685817781157779	0.868071929336874	0.9309344147660095	0.9074583713025248	0.9988440456612601	1	2.613241430000926	6.750536673625628e-7	1481363.702395698
dataset_name-FR-FCM-Z2KP_virus_final_seed-42	dgcytof	num-4	run0	3907351	0.9069175884708561	0.9203120608779617	0.9057005470821284	0.9548645616940992	0.939650517181314	0.9964086602594444	1	4.365666507001151	1.1172957092928562e-6	895018.2048339795
dataset_name-FR-FCM-Z2KP_virus_final_seed-42	dgcytof	num-5	run0	3978798	0.8077867458732305	0.8655168543364761	0.8249153201693341	0.9337817602200463	0.9120526485512077	0.9865739529672862	1	2.8660008890001336	7.203182692361194e-7	1388275.2148719989
dataset_name-FR-FCM-Z2KP_virus_final_seed-42	lda	num-1	run0	3615263	0.7861954907851926	0.8037900152463542	0.7781126783827169	0.8945058768891779	0.8573024153514714	0.9888849719937782	1	3.530762192000111	9.766266498454224e-7	1023932.7384300614
dataset_name-FR-FCM-Z2KP_virus_final_seed-42	lda	num-2	run0	3828528	0.7968993941510029	0.807099058702161	0.8037760556396317	0.9160186369278218	0.8857343492007157	0.9950000927957563	1	5.8448427809998975	1.5266553570980537e-6	655026.6865082452
dataset_name-FR-FCM-Z2KP_virus_final_seed-42	lda	num-3	run0	3629528	0.8005983935894897	0.8216057139237821	0.7893447081493098	0.9130812601528353	0.8798887923267087	0.9995277921404414	1	3.9169681140047032	1.0791949019279375e-6	926616.6826896059
dataset_name-FR-FCM-Z2KP_virus_final_seed-42	lda	num-4	run0	3718230	0.8011500349639248	0.8423080715586247	0.797416024056803	0.9151394615179803	0.8830858638614647	0.9945624181984891	1	5.155667917999381	1.386591985433763e-6	721192.6871819999
dataset_name-FR-FCM-Z2KP_virus_final_seed-42	lda	num-5	run0	3792755	0.7508269623592135	0.7787744290296413	0.7492935318106801	0.8684673805716425	0.8207237740284992	0.9850464742066939	1	3.269311039999593	8.619884595761111e-7	1160108.3389118193
dataset_name-FR-FCM-Z2KP_virus_final_seed-42	random	num-1	run0	3804850	0.147441794293401	0.1662115429359622	0.16632442410822249	0.1659353193949827	-5.769545811749432e-4	-0.5489347613295683	1	3.020237722004822	7.937862785667824e-7	1259784.9408603357
dataset_name-FR-FCM-Z2KP_virus_final_seed-42	random	num-2	run0	3956437	0.14712256986281658	0.16653180748827218	0.16648289730294594	0.16608680992519279	-1.712491401395641e-4	-0.8476625308019577	1	2.349437308002962	5.938265434285853e-7	1683993.4338843878
dataset_name-FR-FCM-Z2KP_virus_final_seed-42	random	num-3	run0	3871161	0.14812223122414578	0.16694680803375447	0.16684640666490222	0.1669258912248806	3.5505932170421293e-4	-0.04111960112603358	1	1.633329426003911	4.219223705766593e-7	2370104.241292675
dataset_name-FR-FCM-Z2KP_virus_final_seed-42	random	num-4	run0	3907351	0.1469697583516211	0.1666655982085447	0.16673153602627167	0.1666348889567382	-3.1821967729827593e-6	-0.05644675597612819	1	3.9612767299986444	1.0138010969576689e-6	986386.780405856
dataset_name-FR-FCM-Z2KP_virus_final_seed-42	random	num-5	run0	3978798	0.14739876777542274	0.16641885158927608	0.16654107507109359	0.16634445880389	-3.146965659629422e-4	-0.14421117185741603	1	2.8170831139941583	7.080236578972239e-7	1412382.1836263544
dataset_name-FR-FCM-Z3YR_seed-42	cyanno	num-1	run0	16665728	0.9136515894147347	0.9733260452000809	0.8310326731072607	0.9953190763703812	0.9924212424016228	0.9999972769784825	0.9285714285714286	30.44298446699395	1.8266819467468776e-6	547440.6761291376
dataset_name-FR-FCM-Z3YR_seed-42	cyanno	num-2	run0	16671781	0.9009516537435034	0.9798891939764985	0.8502416811461261	0.9951816785501201	0.9922008259051498	0.9999973185999231	0.9642857142857143	34.391497753000294	2.0628568569249015e-6	484764.61012941966
dataset_name-FR-FCM-Z3YR_seed-42	cyanno	num-3	run0	16028386	0.9535125282025836	0.99549674931846	0.9476354227979982	0.999018990433597	0.9984106942797482	0.999999805153253	1	32.674493908998556	2.0385392458728255e-6	490547.3377687353
dataset_name-FR-FCM-Z3YR_seed-42	cyanno	num-4	run0	16163956	0.9866684641894478	0.9943277485770219	0.9449538551615466	0.9988930927552636	0.998206845979311	0.9999997429740702	0.9642857142857143	32.41866489400127	2.005614522459803e-6	498600.29871220794
dataset_name-FR-FCM-Z3YR_seed-42	cyanno	num-5	run0	16114380	0.9912528615022173	0.9958908147642439	0.9516099715274687	0.9991490829929541	0.9986220105976377	0.9999998155057022	0.9642857142857143	29.051583601001767	1.8028359515539392e-6	554681.6387470299
dataset_name-FR-FCM-Z3YR_seed-42	cygate	num-1	run0	16209847	0.7459621285722075	0.7805242525542506	0.7398308645576763	0.9758692355331916	0.9603053568705562	0.9999258347242045	0.9642857142857143	37.42837625800166	2.308990100770332e-6	433089.7736055157
dataset_name-FR-FCM-Z3YR_seed-42	cygate	num-2	run0	16287863	0.7322986172348122	0.780818596854333	0.7506089040601217	0.9785593727059222	0.9647481535896382	0.9999615536399455	1	42.555701254997985	2.6127246560827522e-6	382742.20655891695
dataset_name-FR-FCM-Z3YR_seed-42	cygate	num-3	run0	15674629	0.7647662035407885	0.8118864319065332	0.7867288408265246	0.9822276495347992	0.9707195258574367	0.9999663943542243	1	27.677300089999335	1.765738767405553e-6	566335.1898136816
dataset_name-FR-FCM-Z3YR_seed-42	cygate	num-4	run0	15734492	0.7472936514604542	0.7941467057957758	0.7632923702371697	0.9818740255484575	0.9700263047419461	0.9999677555518435	1	38.3955152119961	2.440213208789715e-6	409800.2569603232
dataset_name-FR-FCM-Z3YR_seed-42	cygate	num-5	run0	15536797	0.7500601563450063	0.7679619968614076	0.7962405298413486	0.9717356801405077	0.9540054783765027	0.9998148482363911	1	33.10695211699931	2.1308737004801767e-6	469291.0705006389
dataset_name-FR-FCM-Z3YR_seed-42	dgcytof	num-1	run0	16665728	0.8498142504516679	0.8802910279667878	0.8072730892000994	0.9867350529181803	0.9785272913251655	0.9999807958161617	0.9642857142857143	39.95780027000001	2.3976030492037314e-6	417083.219981769
dataset_name-FR-FCM-Z3YR_seed-42	dgcytof	num-2	run0	16671781	0.8425547073513034	0.8732662254368878	0.8427336231277823	0.985110169093512	0.9759054106792554	0.9999632410640121	1	37.55659557600302	2.2527044696666192e-6	443910.86956381425
dataset_name-FR-FCM-Z3YR_seed-42	dgcytof	num-3	run0	16028386	0.9075535146695907	0.9224314745723332	0.8979274002965643	0.9926521609848927	0.9880955828103822	0.9999950603504402	1	41.76860519299953	2.605914606311548e-6	383742.4286958564
dataset_name-FR-FCM-Z3YR_seed-42	dgcytof	num-4	run0	16163956	0.9414517333121396	0.9112055038782866	0.9094470839725523	0.9925745281662484	0.9879700581351237	0.9999951867616895	1	38.99160801999824	2.4122565057711268e-6	414549.6126168928
dataset_name-FR-FCM-Z3YR_seed-42	dgcytof	num-5	run0	16114380	0.8890259222636789	0.9067561331847106	0.8907460227639656	0.9899741100805616	0.9837675675567941	0.9999836511648085	1	38.94993931099452	2.417092020356633e-6	413720.2851931362
dataset_name-FR-FCM-Z3YR_seed-42	lda	num-1	run0	16462252	0.7565899446207032	0.7180610256398853	0.79607347326759	0.9548875208568062	0.9279130877593083	0.9999282466547672	0.9642857142857143	48.63352986500104	2.95424525544871e-6	338495.9316277597
dataset_name-FR-FCM-Z3YR_seed-42	lda	num-2	run0	16524341	0.7936174069175215	0.774414380009946	0.8293553977818743	0.9695527948739378	0.9505593685020408	0.9999613914669185	1	39.34361151000485	2.380948898960924e-6	420000.61422419135
dataset_name-FR-FCM-Z3YR_seed-42	lda	num-3	run0	15872550	0.7996601808827861	0.7800955878094161	0.8430323115726209	0.9692626578590081	0.9501339705787899	0.9999548235178188	1	53.51411585800088	3.3714882522342584e-6	296604.9190108576
dataset_name-FR-FCM-Z3YR_seed-42	lda	num-4	run0	15982233	0.7990147300410847	0.7680051881247667	0.852021715129408	0.9664046945129633	0.9457119246646931	0.9999594299491544	1	32.225711247003346	2.0163459791259048e-6	495946.63334191515
dataset_name-FR-FCM-Z3YR_seed-42	lda	num-5	run0	15956885	0.8074728104825363	0.7868454106047008	0.8465937394485676	0.970811659042476	0.9526112115181954	0.9999664757123558	1	38.035977989995445	2.383671875180867e-6	419520.82852180424
dataset_name-FR-FCM-Z3YR_seed-42	random	num-1	run0	16665728	0.01680248052773139	0.037012601891387935	0.03409544362450351	0.0357071110244929	-2.2591404814675763e-5	0.05997127279637565	0.9642857142857143	20.611751149997872	1.2367747241523365e-6	808554.687018998
dataset_name-FR-FCM-Z3YR_seed-42	random	num-2	run0	16671781	0.015908660186087404	0.035691304978024335	0.034692214100136565	0.0344552270690216	-2.8864167191933685e-5	-0.009024831402678837	1	22.461473175993888	1.347274965763639e-6	742238.9826958578
dataset_name-FR-FCM-Z3YR_seed-42	random	num-3	run0	16028386	0.015982471875704833	0.035763075290201805	0.03498268661785965	0.03454708415432471	6.079237126893681e-5	0.030046958652418878	1	25.081138107998413	1.5647949898385535e-6	639061.3508439047
dataset_name-FR-FCM-Z3YR_seed-42	random	num-4	run0	16163956	0.015941446213982628	0.035736402725230064	0.034601016922019695	0.03455057660389573	2.7663884886978886e-5	0.08036382065007334	1	23.38118712799769	1.4465015326692112e-6	691323.1527343857
dataset_name-FR-FCM-Z3YR_seed-42	random	num-5	run0	16114380	0.015944587323986882	0.03575790383255628	0.03458123769971624	0.03466078124010977	5.478269749680723e-5	0.23388964577783705	1	21.41886795299797	1.3291772909040231e-6	752345.0835665893
dataset_name-Levine_seed-42	cyanno	num-1	run0	191351	0.15515342396260443	0.476351718324722	0.12629960967965712	0.6198765619202408	0.18794829980758843	0.9880403392578372	0.9333333333333333	0.0765907389941276	4.0026307149754957e-7	2498356.883782925
dataset_name-Levine_seed-42	cyanno	num-2	run0	74276	0.29281594528571436	0.5051150440424993	0.2474155193603757	0.572405622273682	0.26497389317009584	0.9957029475850813	1	0.029647387003933545	3.9915163719012256e-7	2505313.5370798525
dataset_name-Levine_seed-42	cygate	num-1	run0	182013	0.4368996117377741	0.3549158180827968	0.7878671052118775	0.4037458862828479	0.4545768143879357	0.07892487063988544	1	0.2110310540010687	1.1594284694009148e-6	862493.915227653
dataset_name-Levine_seed-42	cygate	num-2	run0	72900	0.5198210990219171	0.43590447605249133	0.8340280165623845	0.45037037037037037	0.4947305784876478	0.11404314501018349	1	0.054509499997948296	7.477297667756968e-7	1337381.5573935537
dataset_name-Levine_seed-42	dgcytof	num-1	run0	191351	0.2633626446131644	0.4065132687113677	0.2027825195700667	0.6135635559782807	0.11018697836791308	0.9783262335994299	0.8	0.0710553870012518	3.7133533141322385e-7	2692983.714192267
dataset_name-Levine_seed-42	dgcytof	num-2	run0	74276	0.3119161663010798	0.47194326590433816	0.2435752477943531	0.5715170445365932	0.17758946129028383	0.9764121888324562	0.8	0.03331432500272058	4.48520720053861e-7	2229551.401504738
dataset_name-Levine_seed-42	lda	num-1	run0	150932	0.35288124995420644	0.3369556361224101	0.4423515197263524	0.5390970768293006	0.2650199606050245	0.9895700961044919	1	0.12000378299853764	7.950850912897043e-7	1257727.0168377878
dataset_name-Levine_seed-42	lda	num-2	run0	53148	0.423994427032271	0.37770980701571183	0.6097165249276647	0.4963686309926996	0.3621149605162715	0.9197536866588505	1	0.04870666799979517	9.164346353540147e-7	1091185.2972620402
dataset_name-Levine_seed-42	random	num-1	run0	191351	0.03481316169198019	0.06664445575361716	0.0645893900234107	0.06693981217762122	-3.3189637919696014e-5	0.2410757618681279	1	0.12812972399842693	6.696057193243146e-7	1493416.1569125776
dataset_name-Levine_seed-42	random	num-2	run0	74276	0.037675305656082556	0.0662828123067477	0.06255072440306005	0.06664333028165222	-5.190825304289847e-4	0.1692527240591454	1	0.04391915300220717	5.9129669075081e-7	1691198.370703261
dataset_name-Samusik_seed-42	cyanno	num-1	run0	755903	0.694297771437752	0.9246571596124806	0.5957351946434103	0.9244519468767818	0.9047348688969329	0.9999086284600437	0.92	0.5403998080000747	7.149062882407858e-7	1398784.7308781715
dataset_name-Samusik_seed-42	cyanno	num-2	run0	760931	0.7216283007603421	0.9219091756096686	0.6173319238042416	0.9268369931044996	0.9075062019862294	0.9998558557057874	0.92	0.5624630399979651	7.391774549833888e-7	1352855.113827129
dataset_name-Samusik_seed-42	cyanno	num-3	run0	757088	0.7314594304459873	0.9199406787955361	0.6377543072764493	0.9271603829409527	0.9079701501815948	0.9998858536517121	0.92	0.6134087760001421	8.102212371615216e-7	1234230.7929416136
dataset_name-Samusik_seed-42	cyanno	num-4	run0	758138	0.7214990871242778	0.9261220657245216	0.6267891811061722	0.9264487467980763	0.9071222704711088	0.9998997577894823	0.92	0.5412328290040023	7.138975081106636e-7	1400761.2978598417
dataset_name-Samusik_seed-42	cyanno	num-5	run0	764362	0.685093171943417	0.9258554233520091	0.5893572828578805	0.9246639681198175	0.9050128015725333	0.9999101867242054	0.92	0.5052542699995684	6.610143753870134e-7	1512826.4032299083
dataset_name-Samusik_seed-42	cygate	num-1	run0	733815	0.5812737140457689	0.510214560112902	0.8355826935789189	0.7017150099139429	0.6994971878797079	0.6685737332023332	1	0.6802796609990764	9.270451830489653e-7	1078696.074673613
dataset_name-Samusik_seed-42	cygate	num-2	run0	706227	0.5951092854787668	0.5196476655300367	0.8562694646475408	0.7279826458065183	0.7247372345796325	0.7171563172802975	1	0.6426023679960053	9.099090915470597e-7	1099010.8894282663
dataset_name-Samusik_seed-42	cygate	num-3	run0	733150	0.585442463132903	0.4932037795312141	0.8212038669518904	0.695993998499625	0.6941335822939628	0.6681451523710892	1	0.7070480050024344	9.643974698253214e-7	1036916.8639369484
dataset_name-Samusik_seed-42	cygate	num-4	run0	721569	0.5846910331473625	0.5078221130457446	0.8565232668265327	0.7122769963787247	0.7104333458968598	0.6900666270416221	1	0.8089227470045444	1.1210608368770615e-6	892012.2504552915
dataset_name-Samusik_seed-42	cygate	num-5	run0	738262	0.6072417913772075	0.5093746808143408	0.8454707958210413	0.7025622340036464	0.702215199367375	0.6572344996274018	1	0.8297371480002766	1.123906076704851e-6	889754.0646206597
dataset_name-Samusik_seed-42	dgcytof	num-1	run0	755903	0.7221990445878901	0.780809636901048	0.7050690021134202	0.8962234572425298	0.8712312697614154	0.9985337199872985	1	0.4518508679975639	5.977630304385138e-7	1672903.7245184076
dataset_name-Samusik_seed-42	dgcytof	num-2	run0	760931	0.7128999421264635	0.7448141217387844	0.7048422618626674	0.8848331846120082	0.8575797477354686	0.9970284918206863	1	0.6574642300038249	8.64026081213441e-7	1157372.470279597
dataset_name-Samusik_seed-42	dgcytof	num-3	run0	757088	0.771894108158341	0.7903357393590856	0.7396393602895965	0.9000974787607253	0.876104496866316	0.9983295400017069	0.96	0.5031120879939408	6.645358108884843e-7	1504809.7989828421
dataset_name-Samusik_seed-42	dgcytof	num-4	run0	758138	0.7321829721639638	0.7688232331348719	0.7209830969415545	0.8950468120579631	0.8692239013757106	0.9993179860732994	1	1.1332633069978328	1.4947981858155544e-6	668986.6294254331
dataset_name-Samusik_seed-42	dgcytof	num-5	run0	764362	0.7587403668151097	0.8040163768266817	0.7192457709509857	0.8986605822895435	0.8744246329739893	0.9985535625158907	0.96	0.48985018000530545	6.408615028027367e-7	1560399.549086052
dataset_name-Samusik_seed-42	lda	num-1	run0	574278	0.5154641541886993	0.4682694488984749	0.6425444072215999	0.6972232960343249	0.6300201785730115	0.9914033004424763	1	0.6550320320020546	1.1406183625387958e-6	876717.4305121596
dataset_name-Samusik_seed-42	lda	num-2	run0	538304	0.4877640944792106	0.47214533672399595	0.560657646322908	0.6800283854476281	0.5868277321415515	0.988133950227561	1	0.6211033060026239	1.1538151416348826e-6	866689.9609092177
dataset_name-Samusik_seed-42	lda	num-3	run0	529381	0.5091661363425576	0.4737696895387121	0.6139830996622628	0.7038786809500152	0.6325373836034921	0.992808663177989	1	0.6214193160049035	1.1738602556663416e-6	851890.1591334228
dataset_name-Samusik_seed-42	lda	num-4	run0	507040	0.5095017878310215	0.47142829617932924	0.6158164020700378	0.7015205900915115	0.627446281258391	0.9981405851896483	1	0.6042394180039992	1.1916997041732391e-6	839137.5750938582
dataset_name-Samusik_seed-42	lda	num-5	run0	550251	0.5331875990749823	0.4964071095174332	0.6074052016845534	0.7055707304484681	0.6337285620756747	0.9974450958207176	0.96	0.6156239480042132	1.1188056868669264e-6	893810.2583303569
dataset_name-Samusik_seed-42	random	num-1	run0	755903	0.021681336066695218	0.03996377195995308	0.03890896546953433	0.039714090299945895	-4.691851238159578e-5	-0.2089410418940776	1	0.4086865310018766	5.406600198727569e-7	1849591.1723514302
dataset_name-Samusik_seed-42	random	num-2	run0	760931	0.021929229983350687	0.0401403290668697	0.04101463617962317	0.04013110255726209	1.6026182031681472e-4	-0.00755210802050601	1	0.6961647499992978	9.148855152429035e-7	1093032.9350929756
dataset_name-Samusik_seed-42	random	num-3	run0	757088	0.022031894979520416	0.040171950943886967	0.039794915183081085	0.03995044169237922	1.9588330515927453e-4	-0.1881271813147102	1	0.5434997629999998	7.178818882349209e-7	1392986.8079813684
dataset_name-Samusik_seed-42	random	num-4	run0	758138	0.021686999853151586	0.03961035872650217	0.04038644987236451	0.039670877861286466	-4.4459487363275786e-4	0.05103654749330449	1	0.4617720690002898	6.090870910049223e-7	1641801.3364067809
dataset_name-Samusik_seed-42	random	num-5	run0	764362	0.02206223952589889	0.04018297525229907	0.04080818741871034	0.040191689278116914	2.099552377403958e-4	0.006823685474686674	1	0.510346438997658	6.676763614591751e-7	1497731.6222706272
dataset_name-Transformed_seed-42	cyanno	num-1	run0	165885	0.8220793346971004	0.9071562326157707	0.7782691002114319	0.9022033336347469	0.8675435559405952	0.9996300730480873	1	0.10527573100262089	6.346308044887777e-7	1575719.2889581572
dataset_name-Transformed_seed-42	cyanno	num-2	run0	160829	0.8826733879660449	0.9184236638816834	0.8551796428703518	0.9207916482723887	0.8933548553019522	0.9993163355898046	1	0.16100672500033397	1.0011050556823332e-6	998896.1641177807
dataset_name-Transformed_seed-42	cyanno	num-3	run0	163357	0.8710526976366735	0.9094189781029712	0.8467124141654643	0.9193116915712213	0.891372605849962	0.9995335533186367	1	0.15355407699826173	9.399907992817065e-7	1063840.2000999898
dataset_name-Transformed_seed-42	cyanno	num-4	run0	163801	0.8466264180434842	0.9157838319328218	0.8020634691065809	0.8973693689293716	0.8615597590497213	0.997458168199339	1	0.12223689199890941	7.462524160347581e-7	1340029.1624026354
dataset_name-Transformed_seed-42	cyanno	num-5	run0	161138	0.8593084080839367	0.9085545595837695	0.8309842465694983	0.9131613896163537	0.8831469341619498	0.9994842032517273	1	0.2137509919994045	1.3265089054065738e-6	753858.4896974369
dataset_name-Transformed_seed-42	cygate	num-1	run0	129918	0.8293427749121444	0.8260930949591969	0.8508376913424899	0.8548238119429178	0.8151107703897527	0.97733331560206	1	0.1375629310059594	1.058844278744742e-6	944425.9369144423
dataset_name-Transformed_seed-42	cygate	num-2	run0	158779	0.7782725686775005	0.7873749843608024	0.7721836253488887	0.8313441953910782	0.7732625133938873	0.9989136433178077	1	0.18804527600150323	1.1843208232921432e-6	844365.8004933383
dataset_name-Transformed_seed-42	cygate	num-3	run0	136527	0.8238803290284011	0.8121363436194816	0.8491631635107598	0.839848528129967	0.7945792799741841	0.9758935583774455	1	0.15005312099674484	1.099072864684237e-6	909857.7829844787
dataset_name-Transformed_seed-42	cygate	num-4	run0	142677	0.843193240149426	0.8401774185868409	0.8528965933741381	0.8695164602563833	0.8292505023872873	0.9914863812997984	1	0.21044224700017367	1.4749556480734362e-6	677986.4881402937
dataset_name-Transformed_seed-42	cygate	num-5	run0	153417	0.8066204049404703	0.8092770281607417	0.8102610662461687	0.8460600846060085	0.7955517606061637	0.9899214776825013	1	0.1635233600027277	1.0658750986052897e-6	938196.2307858698
dataset_name-Transformed_seed-42	dgcytof	num-1	run0	165885	0.7615316755673672	0.8026376434553602	0.7531874221511662	0.8223407782499924	0.7666579592331115	0.9722110520648231	1	0.14370848100224975	8.663138981960379e-7	1154316.007260581
dataset_name-Transformed_seed-42	dgcytof	num-2	run0	160829	0.8376788656198911	0.8565531849643216	0.8225923976698117	0.8704462503652948	0.8276720776847255	0.9866155003600597	1	0.11862090000067838	7.375591466755273e-7	1355823.4678634224
dataset_name-Transformed_seed-42	dgcytof	num-3	run0	163357	0.8021558835984623	0.8259063334173037	0.7986047457643254	0.8405088242315909	0.7897398190139824	0.9734658076122892	1	0.12398047200258588	7.589541433950543e-7	1317602.6624305225
dataset_name-Transformed_seed-42	dgcytof	num-4	run0	163801	0.7702820765999665	0.8434379863082674	0.7573773984158129	0.868755380003785	0.8243988433552019	0.9960749208799273	1	0.1165771460000542	7.116998431026319e-7	1405086.7225718824
dataset_name-Transformed_seed-42	dgcytof	num-5	run0	161138	0.8285273658541807	0.8576202870559421	0.8070869840287749	0.8795938884682695	0.8387347757412656	0.9995186628453933	1	0.11698263599828351	7.25977956771733e-7	1377452.2913158187
dataset_name-Transformed_seed-42	lda	num-1	run0	62691	0.7058419489588508	0.6804608031246695	0.7721408011017001	0.8233398733470514	0.7689956341675683	0.973669690491812	1	0.09769529799814336	1.5583624124378836e-6	641699.2555894697
dataset_name-Transformed_seed-42	lda	num-2	run0	109307	0.722452923195088	0.7314677008184542	0.7355783916792258	0.8324352511733009	0.7665855528087021	0.9868146779862412	1	0.13344582299760077	1.2208351066043416e-6	819111.4382198777
dataset_name-Transformed_seed-42	lda	num-3	run0	56914	0.699418103179726	0.7561433701862958	0.7377705899145828	0.8406016094458305	0.7904130810531043	0.9638662672379027	1	0.09899584300001152	1.7393935235620677e-6	574913.0294288557
dataset_name-Transformed_seed-42	lda	num-4	run0	92497	0.7086492213693183	0.6914691349049452	0.7463108259485275	0.807734304896375	0.7432738487489029	0.9625323385483922	1	0.10615220099862199	1.1476285825337254e-6	871362.0549535354
dataset_name-Transformed_seed-42	lda	num-5	run0	110391	0.6715960855940398	0.7295701746550567	0.6466237866804279	0.7684050330189961	0.6887022329819477	0.9290716268119128	1	0.14231937199656386	1.2892298466049212e-6	775656.8796738737
dataset_name-Transformed_seed-42	random	num-1	run0	165885	0.09509349867047855	0.12431440933689533	0.1277157089087412	0.1248334689694668	-8.734242755883111e-4	0.1599736776056477	1	0.07981900199956726	4.811707025925627e-7	2078264.5215346008
dataset_name-Transformed_seed-42	random	num-2	run0	160829	0.09582462084815463	0.1268777362391112	0.12678898959649637	0.1251888651922228	0.0023114397231735425	-0.5061032922343781	1	0.1011982630006969	6.29228951250688e-7	1589246.6454576643
dataset_name-Transformed_seed-42	random	num-3	run0	163357	0.09474438994271486	0.12549254124946588	0.12538494219323518	0.12552874991582852	6.214962043559801e-4	0.008222476892614274	1	0.10020364699448692	6.134028354737594e-7	1630250.0447811815
dataset_name-Transformed_seed-42	random	num-4	run0	163801	0.09445415498198906	0.125047056588484	0.12689902792223434	0.12324100585466512	8.087985121253046e-5	-0.5457869536639159	1	0.10644250999757787	6.498282061622204e-7	1538868.2585907392
dataset_name-Transformed_seed-42	random	num-5	run0	161138	0.09520301646714067	0.12460352780011548	0.1260191179279817	0.12475021410219811	-4.7377016527694186e-4	0.040313700077739024	1	0.3443728949932847	2.1371302547709708e-6	467917.1977316687
dataset_name-flowcyt_seed-42	cyanno	num-1	run0	21044883	0.7349690369429314	0.9361741689100849	0.7068266191954775	0.9778346118626556	0.8726886424074662	0.9999578458715019	1	6.481358398996235	3.079778775199765e-7	3246986.465562406
dataset_name-flowcyt_seed-42	cyanno	num-2	run0	20254822	0.7602476399746934	0.8258151098348693	0.7358884911159288	0.983248038417716	0.9062880149481606	0.9999917838444794	1	8.831826902998728	4.3603576980329564e-7	2293389.83003876
dataset_name-flowcyt_seed-42	cyanno	num-3	run0	20817600	0.8273371434701137	0.9535398241154976	0.7565876265217836	0.9805194642994389	0.8894205106479532	0.9999789526974601	1	10.56873675299721	5.076827661688769e-7	1969733.9886998597
dataset_name-flowcyt_seed-42	cyanno	num-4	run0	20273915	0.8334212055466589	0.921947802394495	0.7783206816116826	0.9774281878956285	0.8730588114982847	0.999985316170331	1	10.894536748004612	5.373671906982254e-7	1860924.9267724273
dataset_name-flowcyt_seed-42	cyanno	num-5	run0	20668387	0.8430574712737647	0.9423869650849639	0.7868301735261763	0.9816961526799358	0.895178937285106	0.9999924944118274	1	6.349428984998667	3.0720486243066126e-7	3255156.8099795575
dataset_name-flowcyt_seed-42	cygate	num-1	run0	20948049	0.43523370628179836	0.44863817332460204	0.6640021108854112	0.40585264050127057	0.296521543832958	0.3577232770412907	1	24.847107556000992	1.1861299138645796e-6	843077.9700529246
dataset_name-flowcyt_seed-42	cygate	num-2	run0	20229356	0.48736230021572896	0.41639095412223454	0.7581002804722723	0.8260745423630885	0.4975761671550857	0.998657332392749	1	11.848932494001929	5.857295948522498e-7	1707272.44924725
dataset_name-flowcyt_seed-42	cygate	num-3	run0	20809904	0.3979202735534107	0.34472937870104214	0.6501012064224828	0.7014919434515412	0.37361638920893686	0.96687551000864	1	13.497104530004435	6.485904274236169e-7	1541805.055576106
dataset_name-flowcyt_seed-42	cygate	num-4	run0	20271227	0.4468984382920895	0.4005676462896046	0.7962425172098236	0.6627519883231539	0.38005054086256873	0.9563433263748041	1	10.944259757998225	5.398913325768699e-7	1852224.5860607878
dataset_name-flowcyt_seed-42	cygate	num-5	run0	20649785	0.5185215203458923	0.45341726047992875	0.7741498279578568	0.8261081168641707	0.5060658225981226	0.9963131140507895	1	13.240437379005016	6.411900840132241e-7	1559599.9141798576
dataset_name-flowcyt_seed-42	dgcytof	num-1	run0	21044883	0.7237632395830552	0.8154230353412633	0.6270009509310793	0.9653592752214398	0.8046558657691616	0.9998437663643326	0.8333333333333334	7.492449725003098	3.560223986516389e-7	2808812.04044266
dataset_name-flowcyt_seed-42	dgcytof	num-2	run0	20254822	0.477835500671086	0.45692128171054536	0.1672330978756543	0.9013076984828601	0.11477766145760278	0.9981592509782392	0.3333333333333333	6.92210669900669	3.417510506390375e-7	2926106.5858615744
dataset_name-flowcyt_seed-42	dgcytof	num-3	run0	20817600	0.4218851518436043	0.3001506471877711	0.28411584132305373	0.9014049169933134	0.11677883970598014	0.9981606016077575	1	7.722392094001407	3.709549657021658e-7	2695745.0161292222
dataset_name-flowcyt_seed-42	dgcytof	num-4	run0	20273915	0.4778177784839358	0.45700636954821816	0.16720999370818512	0.9014819288726426	0.11480391827291676	0.9980932982069441	0.3333333333333333	10.006791307998355	4.935796222879674e-7	2026015.570425178
dataset_name-flowcyt_seed-42	dgcytof	num-5	run0	20668387	0.6190180416382426	0.6044630195034963	0.31751929812041757	0.9485414609277444	0.6805231586817668	0.9998551547444221	0.5	7.548405666995677	3.6521503429346846e-7	2738112.9091100073
dataset_name-flowcyt_seed-42	lda	num-1	run0	20333767	0.6501859746869245	0.5873106256885111	0.7773446376520875	0.9253716244510917	0.6013630969540358	0.9997856490724426	1	15.50890528599848	7.627167797289346e-7	1311102.6616660964
dataset_name-flowcyt_seed-42	lda	num-2	run0	19937763	0.6010730934664953	0.5254056529314849	0.7841760863538566	0.9160842668257216	0.6269924799388934	0.9994082887259828	1	14.313675249999505	7.179178150527472e-7	1392917.0986327
dataset_name-flowcyt_seed-42	lda	num-3	run0	20554679	0.6537476498850311	0.6166795415219178	0.7300818801892963	0.9148145782281494	0.6181825148483097	0.9993718826040175	1	18.15119841300475	8.830689310694052e-7	1132414.4297421835
dataset_name-flowcyt_seed-42	lda	num-4	run0	19931427	0.6623580619717261	0.5800622802178572	0.8242408739839271	0.9180720978984596	0.6545078749927731	0.9994663416292344	1	13.793371031999413	6.920413190685952e-7	1445000.4247519213
dataset_name-flowcyt_seed-42	lda	num-5	run0	20343658	0.629940057918211	0.5776215786005815	0.7455775369151946	0.9129035692597663	0.6110299810541607	0.9988856231215645	1	15.06342755699734	7.404483282700358e-7	1350533.1321854342
dataset_name-flowcyt_seed-42	random	num-1	run0	21044883	0.07309500815657187	0.16659966772776516	0.1663668510974252	0.1667336900851385	-1.727838621038639e-4	0.1826129036934563	1	9.809549833000347	4.6612517793519434e-7	2145346.4591415627
dataset_name-flowcyt_seed-42	random	num-2	run0	20254822	0.0733798611351714	0.16659380142890035	0.16619722395153536	0.16673274146768607	-1.867562573715733e-4	0.18864641033844992	1	8.938498554001853	4.4130225158245546e-7	2266020.6160610407
dataset_name-flowcyt_seed-42	random	num-3	run0	20817600	0.07337307248766502	0.1665996336382705	0.1662623921930374	0.16673358120052265	-1.718950131094451e-4	0.18319294635498526	1	12.769279282998468	6.13388636682349e-7	1630287.7819985808
dataset_name-flowcyt_seed-42	random	num-4	run0	20273915	0.07325078086096438	0.16660443912930048	0.16620365365544162	0.16674598862627174	-1.5977133836895754e-4	0.19128387307081982	1	6.583160832000431	3.24710882530603e-7	3079662.7208998855
dataset_name-flowcyt_seed-42	random	num-5	run0	20668387	0.07283217697101038	0.1665951910591695	0.16618659206315842	0.16673841069455492	-1.8539779093429976e-4	0.19419146161081274	1	6.79601902399736	3.2881225922455196e-7	3041249.138211363
