model	stratification	n_runs	n_runs_with_truth_zero	known_f1_macro_mean	known_f1_macro_median	known_accuracy_micro	known_false_rejection_rate_micro	known_coverage_micro	known_accuracy_when_not_rejected_micro	ungated_recall_micro	ungated_recall_mean	ungated_precision_micro	ungated_precision_mean	ungated_f1_micro	accepted_prediction_accuracy_micro	full_accuracy_micro	full_accuracy_mean	n_truth_positive	n_truth_zero
cyanno	drop-both	77	0	0.836140550705455	0.9234250382814316	0.9686697257181873	0.013088580020004915	0.9869114199799951	0.9815163814173135						0.9815163814173135	0.9686697257181873	0.9489970653672044	217413577	0
cyanno	drop-train	77	67	0.8361405269536435	0.9234250382814316	0.9686697257181873	0.013088557022361119	0.9869114429776389	0.9815163585453889	0.2704291111113213	0.6143269998950649	0.9567163471245438	0.8326022320978552	0.4216679442557695	0.5480769094892338	0.6077780091876764	0.823193863807223	217413577	232586380
cyanno	unfiltered	77	67	0.8361405410317991	0.9234250382814316	0.9686697211186586	0.013088580020004915	0.9869114199799951	0.981516376756785	0.27042909391340975	0.6143269965635465	0.9567162717300665	0.8326022165067505	0.4216679160264127	0.5480769083131354	0.6077779980765643	0.8231938605637341	217413577	232586380
cydefine[3f57bdcdec41]	drop-both	77	0	0.8266517810324887	0.9187694354619319	0.9496211683228964	0.0	1.0	0.9496211683228964						0.9496211683228964	0.9496211683228964	0.939466087783195	217413577	0
cydefine[3f57bdcdec41]	drop-train	77	67	0.6925712750244162	0.7660778911477454	0.7996493061700558	0.18057427480713406	0.8194257251928659	0.9758655135971531	0.30946845210798674	0.6277243278647456	0.6470675980820344	0.5480998315773541	0.4186920251419691	0.5132050045525847	0.5462950810904189	0.7356836974278483	217413577	232586380
cydefine[3f57bdcdec41]	unfiltered	77	67	0.8137959795064028	0.9084379922045779	0.9201049803803191	0.0398975957237482	0.9601024042762518	0.9583404606448375	0.917710263171902	0.8454000094425964	0.9609479891713346	0.864142437287781	0.9388315633638883	0.8778497224642734	0.9188672500250927	0.9068612663736497	217413577	232586380
cygate	drop-both	77	0	0.7539309874457708	0.7967394676476627	0.9005349882082111	0.026874678576306207	0.9731253214236938	0.9254049487590332						0.9254049487590332	0.9005349882082111	0.8832161553627784	217413577	0
cygate	drop-train	77	67	0.7325940650820568	0.7901104790271483	0.8813800391131967	0.042457509449835326	0.9575424905501647	0.9204604994675399	0.17169462803453925	0.4623696130524258	0.8122465011512027	0.6694753695447653	0.2834689124194252	0.47806167194571786	0.5145729802814181	0.7395180371928821	217413577	232586380
cygate	unfiltered	77	67	0.7608179145709592	0.7926512142962426	0.9026868133446883	0.025724433023794093	0.9742755669762059	0.92652104183039	0.2013700501293326	0.5273184727125364	0.893324966680509	0.7172689504347133	0.328655727047101	0.49363831284704396	0.5402051627307155	0.7589089555987224	217413577	232586380
dgcytof	drop-both	77	0	0.8300611040620869	0.8899775518253106	0.9587134339820921	0.02057564693855343	0.9794243530614466	0.9788539880444905						0.9788539880444905	0.9587134339820921	0.9427200847323862	217413577	0
dgcytof	drop-train	77	67	0.8300611040620869	0.8899775518253106	0.9587134339820921	0.02057564693855343	0.9794243530614466	0.9788539880444905	0.13563862165961738	0.22280479640657302	0.8758110554082978	0.6156641225214664	0.2348981013750617	0.503497519375604	0.5333000798486743	0.7545239891345085	217413577	232586380
dgcytof	unfiltered	77	67	0.8300611040620869	0.8899775518253106	0.9587134339820921	0.02057564693855343	0.9794243530614466	0.9788539880444905	0.13563862165961738	0.22280479640657302	0.8758110554082978	0.6156641225214664	0.2348981013750617	0.503497519375604	0.5333000798486743	0.7545239891345085	217413577	232586380
gatemeclass[E]	drop-both	57	0	0.6525804581399456	0.6655785385177295	0.6539560845960983	0.09252616623432508	0.9074738337656749	0.7206335436498776						0.7206335436498776	0.6539560845960983	0.8083085368910907	96626915	0
gatemeclass[E]	drop-train	57	47	0.6527734597862506	0.6665231949429512	0.6577783322586672	0.09247141958324966	0.9075285804167503	0.7248017819522619	0.04414708667504485	0.19449807090626683	0.37716923075636216	0.5001582511600923	0.07904238232630043	0.310276381614438	0.3146545139832138	0.6544491916125369	96626915	122565936
gatemeclass[E]	unfiltered	57	47	0.6527734597862506	0.6665231949429512	0.6577783322586672	0.09247141958324966	0.9075285804167503	0.7248017819522619	0.04414708667504485	0.19449807090626683	0.37716923075636216	0.5001582511600923	0.07904238232630043	0.310276381614438	0.3146545139832138	0.6544491916125369	96626915	122565936
gatemeclass[V]	drop-both	57	0	0.6151782345619801	0.6617317185647658	0.795251954385587	0.07787575542487309	0.9221242445751269	0.8624130197899776						0.8624130197899776	0.795251954385587	0.7988808084562443	96626915	0
gatemeclass[V]	drop-train	57	47	0.6123618902247819	0.6612920198934231	0.7928793028319283	0.07930538815194503	0.920694611848055	0.8611751308508577	0.06508319734122538	0.18926752202072164	0.5100366892160866	0.41763727466522277	0.1154361699930815	0.37638130538816916	0.38591798780882686	0.6450917113841564	96626915	122565936
gatemeclass[V]	unfiltered	57	47	0.6123618902247819	0.6612920198934231	0.7928793028319283	0.07930538815194503	0.920694611848055	0.8611751308508577	0.06508319734122538	0.18926752202072164	0.5100366892160866	0.41763727466522277	0.1154361699930815	0.37638130538816916	0.38591798780882686	0.6450917113841564	96626915	122565936
knn	drop-both	77	0	0.7017502844331152	0.7616760197952398	0.7443152227793023	0.15508636795024075	0.8449136320497592	0.8809364585272399						0.8809364585272399	0.7443152227793023	0.78752894322905	217413577	0
knn	drop-train	77	67	0.7017502844331152	0.7616760197952398	0.7443152227793023	0.15508636795024075	0.8449136320497592	0.8809364585272399	0.1477791261895903	0.2832296503581412	0.5047990657679605	0.4161412283992249	0.22862782042021795	0.42372274638480045	0.4359903683279685	0.6203380115847248	217413577	232586380
knn	unfiltered	77	67	0.7017502844331152	0.7616760197952398	0.7443152227793023	0.15508636795024075	0.8449136320497592	0.8809364585272399	0.1477791261895903	0.2832296503581412	0.5047990657679605	0.4161412283992249	0.22862782042021795	0.42372274638480045	0.4359903683279685	0.6203380115847248	217413577	232586380
lda	drop-both	77	0	0.7956345615232345	0.8589696720107168	0.9286208192968556	0.02419994681380915	0.9758000531861909	0.9516507160096116						0.9516507160096116	0.9286208192968556	0.9180418521227752	217413577	0
lda	drop-train	77	67	0.7956345615232345	0.8589696720107168	0.9286208192968556	0.02419994681380915	0.9758000531861909	0.9516507160096116	0.040376091669684186	0.11005436354469614	0.6409172850781507	0.49513311642574315	0.07596649531081108	0.46375530638870066	0.4695238293100548	0.7119536094039185	217413577	232586380
lda	unfiltered	77	67	0.7956345615232345	0.8589696720107168	0.9286208192968556	0.02419994681380915	0.9758000531861909	0.9516507160096116	0.040376091669684186	0.11005436354469614	0.6409172850781507	0.49513311642574315	0.07596649531081108	0.46375530638870066	0.4695238293100548	0.7119536094039185	217413577	232586380
random	drop-both	77	0	0.12246516348065498	0.17290881502415784	0.1145827383172119	0.0	1.0	0.1145827383172119						0.1145827383172119	0.1145827383172119	0.15441952746079032	217413577	0
random	drop-train	77	67	0.12255574932003688	0.17282074435300765	0.11459975657362005	0.0	1.0	0.11459975657362005	0.0	0.0				0.05536787862404174	0.05536787862404174	0.11086635753963384	217413577	232586380
random	unfiltered	77	67	0.12255574932003688	0.17282074435300765	0.11459975657362005	0.0	1.0	0.11459975657362005	0.0	0.0				0.05536787862404174	0.05536787862404174	0.11086635753963384	217413577	232586380
